trial_id,mass_g,source_file,feature_scope,window_id,window_start_ms,window_end_ms,sample_count,duration_ms,median_sample_rate_hz,axis_correlation_xy,axis_correlation_xz,axis_correlation_yz,ax_mean,ax_std,ax_rms_centered,ax_mean_abs_centered,ax_median_abs_deviation,ax_peak_abs_centered,ax_peak_to_peak,ax_crest_factor,ax_skewness,ax_excess_kurtosis,ax_dominant_frequency_hz,ax_spectral_centroid_hz,ax_spectral_entropy,ax_relative_power_0_5_hz,ax_relative_power_5_15_hz,ax_relative_power_15_30_hz,ay_mean,ay_std,ay_rms_centered,ay_mean_abs_centered,ay_median_abs_deviation,ay_peak_abs_centered,ay_peak_to_peak,ay_crest_factor,ay_skewness,ay_excess_kurtosis,ay_dominant_frequency_hz,ay_spectral_centroid_hz,ay_spectral_entropy,ay_relative_power_0_5_hz,ay_relative_power_5_15_hz,ay_relative_power_15_30_hz,az_mean,az_std,az_rms_centered,az_mean_abs_centered,az_median_abs_deviation,az_peak_abs_centered,az_peak_to_peak,az_crest_factor,az_skewness,az_excess_kurtosis,az_dominant_frequency_hz,az_spectral_centroid_hz,az_spectral_entropy,az_relative_power_0_5_hz,az_relative_power_5_15_hz,az_relative_power_15_30_hz,magnitude_mean,magnitude_std,magnitude_rms_centered,magnitude_mean_abs_centered,magnitude_median_abs_deviation,magnitude_peak_abs_centered,magnitude_peak_to_peak,magnitude_crest_factor,magnitude_skewness,magnitude_excess_kurtosis,magnitude_dominant_frequency_hz,magnitude_spectral_centroid_hz,magnitude_spectral_entropy,magnitude_relative_power_0_5_hz,magnitude_relative_power_5_15_hz,magnitude_relative_power_15_30_hz
mass_0.00g_trial_01,0.0,data/cleaned/0.00g/mass_0.00g_trial_01.csv,2_second_window,1,0.0,2000.0,138.0,1995.0,71.42857142857143,0.16527926000223342,0.819544899697612,-0.2319098602633172,0.15557971014492752,0.4076994810331485,0.4076994810331485,0.3300892669607226,0.30000000000000004,0.8055797101449276,1.47,1.9759154662240763,-0.07977384878613945,-0.9443855989297036,27.369147506446044,19.24907162754678,0.7936756161425802,0.061395072416964534,0.3756643706465558,0.5378401514025393,0.0791304347826087,0.28395110382525207,0.28395110382525207,0.25351606805293003,0.27,0.5391304347826087,1.03,1.898673495259233,0.06509394552144475,-1.3430730106689117,27.369147506446044,20.968869978042623,0.780014306345263,0.04616416947002582,0.33036975606907865,0.5721942979655588,11.494492753623186,1.4671075123678021,1.4671075123678021,1.2540138626339004,1.2299999999999986,3.1855072463768135,5.49,2.171284121663069,0.3653892280022755,-0.8706582905481777,27.369147506446044,22.892977225565026,0.7429956588237326,0.06191531807579208,0.15272222653320985,0.7700489928522143,1.3506184860141068,0.7583411199989621,0.7583411199989621,0.606185161613902,0.5458729277970579,1.8878177825341023,3.20360892714372,2.489404481372032,0.35317040850450243,-0.2824747927346194,14.43100504885337,15.453252172521346,0.8469801327072911,0.21891007822620695,0.3846561790242385,0.34916605624921637
mass_0.00g_trial_01,0.0,data/cleaned/0.00g/mass_0.00g_trial_01.csv,2_second_window,2,2000.0,4000.0,138.0,1983.0,71.42857142857143,0.1951050602786672,0.7829216297728308,-0.2717303326164857,0.10253623188405796,0.3835835256512181,0.3835835256512181,0.31188300777147654,0.28,0.782536231884058,1.4900000000000002,2.0400673635697184,0.013742871412389276,-0.8575991340394284,26.533505813912367,22.589029640482114,0.7107025502430115,0.04317819908775911,0.16132686725775325,0.6636005088586316,0.05782608695652174,0.2544551984438968,0.2544551984438968,0.22710144927536233,0.225,0.4821739130434783,0.91,1.8949265567855542,0.20643085489794255,-1.2968144622569682,26.533505813912367,21.84800405484258,0.6384550094849447,0.028389625100886044,0.20337293988689137,0.7458151384101728,11.437536231884058,1.5117481058839704,1.5117481058839704,1.2993530770846462,1.1600000000000001,3.252463768115941,5.51,2.151458801540297,0.45002633491553645,-0.8166181697726556,26.533505813912367,24.777953322902608,0.5542248932195997,0.02255818626730629,0.08089601286975909,0.8005036736445335,1.3847793653256812,0.761348943768964,0.761348943768964,0.5931169930905485,0.4448489464630451,1.9354820805702775,3.2478106861940037,2.5421747759823665,0.5608576789803252,-0.008259153126278562,26.03287362874421,18.041456819470746,0.850333922544394,0.06927735873164782,0.22675192722282594,0.6091491650591911
mass_0.00g_trial_01,0.0,data/cleaned/0.00g/mass_0.00g_trial_01.csv,2_second_window,3,4000.0,6000.0,136.0,1981.0,71.42857142857143,0.140712712660203,0.7976884791070004,-0.2716763178145853,0.16720588235294118,0.38538119245081187,0.38538119245081187,0.3132525951557093,0.275,0.7972058823529412,1.48,2.0686164710923007,-0.07872957227415842,-0.8678999957132918,26.05635893933823,18.04902938458795,0.7389620765026543,0.09417959827694641,0.26214973009104686,0.5807643212327964,0.06301470588235294,0.24671762810758202,0.24671762810758202,0.21795631487889272,0.20500000000000002,0.49698529411764714,0.98,2.0143890727618987,0.09754715028043491,-1.1875816226199385,26.05635893933823,17.881192041642443,0.7184182692100559,0.05151579071411996,0.34522173795299294,0.5874906701646508,11.560735294117649,1.4817595027697452,1.4817595027697452,1.2646561418685123,1.0300000000000011,3.2192647058823507,5.649999999999999,2.172595957619852,0.4117856435159373,-0.7992433049065641,26.05635893933823,21.89973033789349,0.5754815091455774,0.09791378767325273,0.09567127017423349,0.754140453060817,1.3515914474911508,0.7603946571557817,0.7603946571557817,0.6383281952037969,0.5595465647014985,1.914323849989795,3.1120778325571288,2.5175398485179104,0.5615835354097399,-0.5309530381748053,8.017341212104071,14.523745467560232,0.7987312440513505,0.08399652391684152,0.42773971141878203,0.4655859488959782
mass_0.00g_trial_01,0.0,data/cleaned/0.00g/mass_0.00g_trial_01.csv,2_second_window,4,6000.0,8000.0,139.0,1997.0,71.42857142857143,0.2614939516018117,0.8118410292337979,-0.1836498456330034,0.21899280575539568,0.4342632808222968,0.4342632808222968,0.35550333833652503,0.36000000000000004,0.9889928057553957,1.73,2.2774037074529856,-0.39973979665453746,-0.7390648168354601,26.84602443232794,22.20391244109289,0.5381725855025599,0.04361621743269579,0.17123286816836347,0.6965178465868316,0.06820143884892087,0.29021265286479464,0.29021265286479464,0.2627151803736867,0.27,0.5417985611510792,0.98,1.8669019279579595,0.09138431981275047,-1.4263870927155027,26.84602443232794,21.86761866780489,0.44709136268240773,0.02973442522480636,0.2107545711233175,0.7413359372167165,11.733165467625899,1.5463096174609143,1.5463096174609143,1.3759867501682108,1.2799999999999994,3.066834532374102,5.870000000000001,1.9833250066761754,0.2432164704212075,-1.0875474162599819,26.84602443232794,24.6157004452721,0.38291163671508255,0.028308248677235644,0.08647456524325223,0.8086667294271009,1.4758594885948049,0.6969362839816621,0.6969362839816621,0.5831738189216354,0.5212407253800604,1.6409039399393146,2.876230694656885,2.354453308937622,0.4614673610700832,-0.7470360350032461,26.84602443232794,18.137991473012534,0.7516865735865852,0.18516467766758235,0.151408863209833,0.5407141767495123
mass_0.00g_trial_01,0.0,data/cleaned/0.00g/mass_0.00g_trial_01.csv,2_second_window,5,8000.0,10000.0,138.0,1982.0,71.42857142857143,0.2288697409914793,0.8028738122761883,-0.21076082640159002,0.14855072463768115,0.4005024936589174,0.4005024936589174,0.32755723587481617,0.26,0.8185507246376812,1.59,2.043809308550246,0.0077919030450608875,-0.7702351732869293,26.54689305196307,21.59103460469133,0.5454923218322817,0.01780622606648086,0.22820440762200916,0.6745093976841123,0.05210144927536232,0.26788612359599906,0.26788612359599906,0.23014072673808023,0.22,0.5678985507246377,1.12,2.119925224574489,0.19185402651545727,-1.0920652149273007,26.54689305196307,21.659663503095686,0.4795403706890475,0.019840377400325186,0.20718042199332826,0.750266035573076,11.489999999999998,1.5730543537970962,1.5730543537970962,1.3792753623188407,1.3450000000000006,3.150000000000002,5.75,2.002473717704933,0.2857218269604573,-1.1214597849544339,26.54689305196307,24.03223712098245,0.30425422074727587,0.019714866418285838,0.11051546498778553,0.8294684081050802,1.4667863272735828,0.7451195157594357,0.7451195157594357,0.6341549247644241,0.5630522987992546,1.7427744572468824,3.0576049539013415,2.3389193550656415,0.2613491084684208,-0.8656264395481554,16.02831278609091,18.42191622506279,0.7383350199502685,0.062452115252188245,0.22246152228852997,0.5688322032220794
mass_0.00g_trial_02,0.0,data/cleaned/0.00g/mass_0.00g_trial_02.csv,2_second_window,1,0.0,2000.0,139.0,1997.0,71.42857142857143,0.2246313537581352,0.6147602825873683,0.8088826433549056,0.055251798561151075,0.2109428335913021,0.2109428335913021,0.1880233942342529,0.19,0.40474820143884893,0.75,1.9187577721793632,0.10224202657943943,-1.3033283723417401,28.337470234127416,24.338401983502003,0.501938723610248,0.043475298565195095,0.11139334335077651,0.8231168637036567,0.029712230215827338,0.18204253770444714,0.18204253770444714,0.1635826302986388,0.16,0.48028776978417265,0.8300000000000001,2.6383271505692685,0.1917441809619246,-1.1443682590217614,28.337470234127416,24.325804085511372,0.528514120746247,0.024018982185051413,0.1569167123781305,0.7836125905880789,11.444460431654676,1.0356843027935931,1.0356843027935931,0.90455669996377,0.8399999999999999,2.0955395683453233,3.67,2.0233381569006497,0.262655438336301,-1.0628583988513718,28.337470234127416,26.64122319705567,0.32748154688364167,0.017848995002338126,0.04322119146175123,0.9245557986253401,0.9693226480062216,0.4590119210790291,0.4590119210790291,0.37973027842370205,0.3370646559712266,1.1601191520423275,1.9104002187759959,2.5274270640186427,0.5900327647532467,-0.31574340147843705,12.428715014968166,15.041195658379632,0.6996057205791121,0.07501067023881858,0.6499584401009099,0.22496841011628885
mass_0.00g_trial_02,0.0,data/cleaned/0.00g/mass_0.00g_trial_02.csv,2_second_window,2,2000.0,4000.0,138.0,1984.0,71.42857142857143,0.17112249195503426,0.6101233986872167,0.8298054757118977,0.07094202898550724,0.20848621989411745,0.20848621989411745,0.18663516068052932,0.18,0.39094202898550723,0.76,1.8751456531949806,0.05277950857764161,-1.2506446502340673,27.0205119214587,24.612886946002128,0.37981406490146985,0.043302398950364814,0.08336239261378697,0.8286539008808793,0.022246376811594203,0.17191596411839294,0.17191596411839294,0.15594938038227263,0.17,0.2977536231884058,0.55,1.7319719242789609,0.13696282638020582,-1.4456192014764968,27.0205119214587,24.77403155206574,0.35389719842427975,0.02494547394058407,0.10027059583996212,0.8418942448891487,11.46782608695652,1.0550339915744145,1.0550339915744145,0.9065721487082545,0.8900000000000006,2.0721739130434784,3.67,1.9640826073776052,0.2520198764334832,-1.0377848669471401,27.0205119214587,25.836266720985915,0.2210466204178149,0.020142999887923615,0.03826288166606838,0.9314813928528538,0.9708405943620747,0.4935452019021463,0.4935452019021463,0.42115474925075225,0.41876222834098653,1.132102944844465,1.8946469450924917,2.2938181558270396,0.4624438271587941,-0.7842089584094136,15.0113955119215,15.791765713004146,0.5404414920479877,0.06894412157809196,0.10942959505048559,0.7624053040152399
mass_0.00g_trial_02,0.0,data/cleaned/0.00g/mass_0.00g_trial_02.csv,2_second_window,3,4000.0,6000.0,138.0,1982.0,71.42857142857143,0.29444203185876805,0.7025168021979646,0.8164415425562733,0.05507246376811594,0.2034743382916018,0.2034743382916018,0.18021844150388572,0.16499999999999998,0.4449275362318841,0.8300000000000001,2.186651840067677,0.19293799423480495,-1.064047825225505,26.046008277397732,24.05847295940044,0.5559402491061533,0.030939678922091624,0.08087629841645265,0.8421134356998836,0.029492753623188407,0.16078756560081955,0.16078756560081955,0.1423913043478261,0.145,0.28949275362318844,0.5700000000000001,1.800467296966855,0.04976338350673934,-1.3075670250244096,26.54689305196307,23.93657348397896,0.5631092933378878,0.026387747330353893,0.10578663427680463,0.8061976268564207,11.461304347826088,1.0307151211637429,1.0307151211637429,0.898840579710145,0.8399999999999999,2.1686956521739127,4.010000000000002,2.1040689203485416,0.13223177841340264,-1.0178479799346547,26.046008277397732,24.186018306745407,0.49180353876114674,0.020737567439418018,0.08037326529015197,0.8888678604004829,0.9505165086281199,0.4755486046830982,0.4755486046830982,0.39782938526398626,0.3548582146129678,1.2450967413736374,1.9849892458628349,2.618232351251162,0.5999853567543203,-0.5380889709263061,16.529197560656254,17.77011316428667,0.7001472313249835,0.031988938761618686,0.13945529933584414,0.7277369177500155
mass_0.00g_trial_02,0.0,data/cleaned/0.00g/mass_0.00g_trial_02.csv,2_second_window,4,6000.0,8000.0,138.0,1982.0,71.42857142857143,0.3552354017197336,0.7547612652530676,0.8168719955520894,0.05507246376811594,0.19696702577273165,0.19696702577273165,0.17579920184835118,0.16999999999999998,0.38507246376811594,0.75,1.9550097903820094,0.000722946138963886,-1.1882995261592244,25.04423872826705,23.404811120899573,0.3572076338743754,0.011894630059980232,0.10023445266034005,0.8441282458883438,0.033985507246376806,0.16397481184741416,0.16397481184741416,0.1452320940978786,0.14500000000000002,0.31601449275362314,0.58,1.9272136323454887,0.13464410879566466,-1.2791949612758122,25.04423872826705,23.14457039345218,0.36136148671461316,0.007810342293947316,0.11439981506549915,0.8390162226731342,11.459492753623188,0.9761083053947105,0.9761083053947105,0.8616666666666667,0.7800000000000011,1.960507246376812,3.7200000000000006,2.0084935611566572,-0.05603010935014639,-1.1088257613611172,25.04423872826705,24.098506347933565,0.2160522467227644,0.0031737638248997458,0.05024796991456386,0.9392367473142009,0.9101586555366273,0.43598439625110813,0.43598439625110813,0.3651033551335736,0.27196291743564055,1.075315730629622,1.8177405938679623,2.4664087519551656,0.5688112175848675,-0.729768402084574,19.033621433482956,18.55714500856196,0.5867804740708791,0.016075508872850093,0.17696089169884502,0.7271293182137565
mass_0.00g_trial_02,0.0,data/cleaned/0.00g/mass_0.00g_trial_02.csv,2_second_window,5,8000.0,10000.0,139.0,1996.0,71.42857142857143,0.31479942998966126,0.6965506015105286,0.8509564811527016,0.06798561151079136,0.2055390521318145,0.2055390521318145,0.18260442006107347,0.19,0.47798561151079133,0.8799999999999999,2.32552211637258,-0.004802067877391005,-1.2037789769277953,24.86988365219716,23.12331555325416,0.47056843292527545,0.0403042120288917,0.06764342785110135,0.8694430859712907,0.036690647482014394,0.15828391070273237,0.15828391070273237,0.1399285751255111,0.14,0.30330935251798563,0.5800000000000001,1.9162361554714213,0.17467661522436834,-1.3218132882343532,24.86988365219716,22.702143489900276,0.47141187855497463,0.03085185034152848,0.08669440942435254,0.8696378549495153,11.506546762589927,1.030734677029916,1.030734677029916,0.8686631126753273,0.7900000000000009,1.9934532374100726,3.7799999999999994,1.934012003122133,0.09339929040239034,-0.9587145159284152,24.86988365219716,23.653237441319416,0.3971162173327622,0.016574604476242982,0.052137721015823514,0.9188420110166773,0.9279900223646503,0.5182167414916429,0.5182167414916429,0.4443576509527547,0.43540920934301974,1.0947868350764334,1.8752981945558456,2.1126041430564024,0.4207777602100575,-1.058745034202609,18.90111157566984,19.629423475854804,0.6310470603426457,0.014147943592836021,0.0962266623682966,0.8256649860775593
mass_0.00g_trial_03,0.0,data/cleaned/0.00g/mass_0.00g_trial_03.csv,2_second_window,1,0.0,2000.0,139.0,1990.0,71.42857142857143,0.39690626079980135,0.7775421278249112,0.8366505894430176,0.05712230215827339,0.20164519236355016,0.20164519236355016,0.18008177630557426,0.17,0.3828776978417266,0.76,1.8987692855648584,0.04953569347801483,-1.2861922018916274,21.95148403889916,21.161803071197824,0.46395720690018066,0.029075284516364867,0.043132760026874106,0.9178443524185759,0.03374100719424461,0.1558142843134347,0.1558142843134347,0.13358728844262718,0.13,0.3237410071942446,0.61,2.0777363809791014,0.067735994617421,-1.1239882634896854,21.95148403889916,21.029862238748873,0.5201078817332161,0.04754744768370104,0.03676409685691737,0.8908110919784377,11.502230215827337,1.0436695383472943,1.0436695383472943,0.9115190725117748,0.7999999999999989,1.9522302158273366,3.869999999999999,1.8705444051943838,-0.057383339633942515,-1.0476932103678225,21.95148403889916,21.618901644514494,0.42591447909616226,0.015286159586315162,0.03337504672504856,0.9374428977249502,0.9548487546485667,0.49239093799498074,0.49239093799498074,0.40695474185746744,0.2832446261386302,1.0281657875580097,1.8339699163321619,2.088108671830371,0.49395079606944997,-0.7606346627954021,24.94486822602177,22.01491947780846,0.5372402492008435,0.04465129300138612,0.11724158642601089,0.8154709255113048
mass_0.00g_trial_03,0.0,data/cleaned/0.00g/mass_0.00g_trial_03.csv,2_second_window,2,2000.0,4000.0,139.0,1990.0,71.42857142857143,0.4404665258931194,0.8258721227811577,0.8193126244250818,0.05086330935251799,0.21875870223804933,0.21875870223804933,0.19187930231354483,0.19999999999999998,0.390863309352518,0.78,1.7867326207082153,0.018326488715536406,-1.2882733662702486,21.95148403889916,20.81720532866627,0.3534137879017984,0.034302027323638816,0.048791526669960464,0.9107168024812852,0.042158273381294964,0.14913545863234276,0.14913545863234276,0.13099321981263912,0.12000000000000001,0.302158273381295,0.56,2.026065941341239,0.05579610096230673,-1.1862044970278467,21.95148403889916,20.481997527566456,0.4152124801121182,0.053847684726861585,0.048904244422452454,0.8862089978212052,11.536474820143885,1.0377319370179285,1.0377319370179285,0.9322767972672223,0.7999999999999989,1.9764748201438849,3.7299999999999986,1.9046101884688724,-0.02853316832368848,-1.2532559731995585,21.95148403889916,21.49434506342814,0.29414152952868045,0.013663329128791207,0.03218940344769235,0.9498956351485934,0.9742426937024052,0.44478702960048,0.44478702960048,0.38512411596035273,0.31235834659877426,1.0324826505633373,1.832198678799546,2.3212966697584276,0.3462410186858179,-0.9437305402561758,25.443765590542206,22.200468499675544,0.5844558170433655,0.05849489594877105,0.11348210558227687,0.809968651346091
mass_0.00g_trial_03,0.0,data/cleaned/0.00g/mass_0.00g_trial_03.csv,2_second_window,3,4000.0,6000.0,138.0,1976.0,71.42857142857143,0.4349692664418638,0.7890776356429061,0.8422308900948892,0.051304347826086956,0.201310295088534,0.201310295088534,0.18150598613736607,0.18,0.41130434782608694,0.8200000000000001,2.0431361826040733,0.08136650436120693,-1.2794297494216091,22.105849909054157,20.96128432907612,0.4014033569835897,0.03853179942255395,0.04073683993651855,0.9066243450499331,0.03826086956521739,0.15277582821310567,0.15277582821310567,0.1299306868304978,0.125,0.3482608695652174,0.64,2.279554780612489,-0.0570632308547476,-0.9626269588642375,22.105849909054157,20.268558458400076,0.483125192079431,0.05013445450778545,0.07441796705194104,0.8564902818101062,11.490942028985506,1.047278659594599,1.047278659594599,0.9132335643772316,0.7600000000000007,1.9209420289855057,3.74,1.8342224501443591,-0.0350559127947515,-1.0298977372926528,22.105849909054157,21.448107442407903,0.3646378949253643,0.011554884831058907,0.04694350856661877,0.9359845466269252,0.9526631148918909,0.5030823679692746,0.5030823679692746,0.4267910345819816,0.2950149930970086,0.9964730271651605,1.8255374858779352,1.9807353439705908,0.4907085053227271,-0.9312618956068506,25.622689667312773,21.918454554504734,0.6691129743519452,0.04837332868094006,0.1118749748178085,0.8249267322293964
mass_0.00g_trial_03,0.0,data/cleaned/0.00g/mass_0.00g_trial_03.csv,2_second_window,4,6000.0,8000.0,139.0,1996.0,71.42857142857143,0.3935269626397408,0.8010178568815772,0.8192232879828827,0.057050359712230214,0.2120453773799748,0.2120453773799748,0.18825216086123908,0.19,0.4170503597122302,0.79,1.9667976961596132,-0.047084062962846875,-1.313559051508838,22.382895286977444,21.242891080350113,0.3682223112238016,0.04180199513789521,0.02889318980917065,0.9221331151589461,0.031151079136690647,0.15512389634824134,0.15512389634824134,0.1353263288649656,0.12000000000000001,0.31115107913669066,0.6000000000000001,2.0058229999469597,0.13171805707227285,-1.1752227975870062,22.382895286977444,20.754134463566874,0.40626735224532146,0.05822497058360309,0.03807099760160189,0.8983818893245997,11.511079136690649,1.0489039779162168,1.0489039779162168,0.9262201749391854,0.7800000000000011,1.838920863309351,3.67,1.753183229376825,-0.08396855423398275,-1.1595975743469003,22.382895286977444,21.7246367785259,0.2991741755714626,0.021557853766872564,0.023163190013387534,0.9508251615906093,0.9711935297729263,0.4754044045884974,0.4754044045884974,0.4094197375031853,0.32343231738100153,0.8932113174910242,1.6729459387796224,1.8788452712468533,0.38256212809698376,-1.0174254774256513,24.37248597915322,21.937319612806895,0.6212122722822946,0.051138380850779534,0.09246511808572658,0.8241669935640578
mass_0.00g_trial_03,0.0,data/cleaned/0.00g/mass_0.00g_trial_03.csv,2_second_window,5,8000.0,10000.0,138.0,1983.0,71.42857142857143,0.4177019491007085,0.7859637896485776,0.8343923884363731,0.05123188405797101,0.20466463518754366,0.20466463518754366,0.18355072463768116,0.19,0.41876811594202895,0.82,2.046118595712896,0.03798284418277861,-1.291506435144019,22.027816147398948,20.918801459197933,0.3540455389863372,0.03393065641932692,0.037047692427866506,0.9210977311037145,0.04260869565217392,0.15481781882533713,0.15481781882533713,0.13224952741020793,0.135,0.2926086956521739,0.56,1.8900194943470308,0.026307180806202164,-1.1368752777881683,22.027816147398948,20.62635589359438,0.41840770923257536,0.06549236846056435,0.021153780797881928,0.9027275240846867,11.524710144927537,1.0289189430399053,1.0289189430399053,0.9121098508716655,0.8250000000000002,1.8647101449275372,3.6400000000000006,1.8123003347749782,0.06175228687711612,-1.1759282151652803,22.027816147398948,21.415749539866468,0.30188002451617607,0.026657978550945857,0.01566259407611827,0.9493986625770976,0.9553793690568065,0.46019628687035186,0.46019628687035186,0.38906853284371473,0.3074023496014699,0.9388299802552534,1.6975191613623115,2.0400642226818837,0.3928484877456514,-0.9039538039704476,25.53224144357605,22.528336437852364,0.5794098176753668,0.03817807331022182,0.08456289237908447,0.8607327152557649
mass_0.00g_trial_04,0.0,data/cleaned/0.00g/mass_0.00g_trial_04.csv,2_second_window,1,0.0,2000.0,139.0,1996.0,71.42857142857143,0.4633881030063855,0.7687277108572688,0.8608408284494068,0.051726618705035976,0.20522992215103722,0.20522992215103722,0.18190776874902956,0.18,0.40172661870503595,0.79,1.9574466261766093,0.007043794257017864,-1.1825323127671883,20.393304594796664,19.495612971885702,0.417465215784122,0.015156225625678754,0.07376920389731476,0.8931426065984345,0.03330935251798562,0.1534607417714654,0.1534607417714654,0.13014336732053206,0.13,0.31330935251798564,0.5900000000000001,2.041625427463186,-0.06094614030173893,-0.9993524961505034,20.393304594796664,19.197734939645624,0.45009471768282155,0.025381250557822102,0.10340644506774302,0.8572739595220302,11.4936690647482,1.0529814771406398,1.0529814771406398,0.9249231406241913,0.8000000000000007,2.0536690647482008,3.91,1.950337312983812,-0.17122690666977683,-1.050305353452951,20.393304594796664,19.979424336311347,0.38225674362003964,0.02327297420320759,0.03486818961501745,0.9245228680555935,0.9641644691542559,0.4947993409786888,0.4947993409786888,0.4092829483675442,0.328233509027937,1.1261504840753902,1.9761237745940146,2.2759740986071644,0.5061218238678469,-0.6364480886587476,28.3516673634978,23.119347601619737,0.6635424194989331,0.05282045305363854,0.13291866833190302,0.7869427131610505
mass_0.00g_trial_04,0.0,data/cleaned/0.00g/mass_0.00g_trial_04.csv,2_second_window,2,2000.0,4000.0,138.0,1982.0,71.42857142857143,0.39301274675531644,0.7788394455339498,0.8232445112939057,0.05231884057971014,0.20919199230618882,0.20919199230618882,0.18648813274522158,0.175,0.38768115942028986,0.75,1.8532313553037496,0.0057288941666055445,-1.2414916367948063,20.53627575717898,19.77744022187829,0.25815796974311983,0.013121723056103008,0.0632803016309529,0.9094443531474881,0.0405072463768116,0.15580702698413493,0.15580702698413493,0.13354337324091575,0.13,0.3205072463768116,0.6000000000000001,2.0570782498112057,-0.13625652011410275,-0.9872252811825,20.53627575717898,19.436323542787537,0.3022140605012407,0.017282777423116645,0.10593229125957414,0.8498936415922957,11.513333333333332,1.0619958877982922,1.0619958877982922,0.9428019323671499,0.7949999999999999,2.0333333333333314,3.8099999999999987,1.9146339046084215,-0.0874860069008505,-1.1662831479151656,20.53627575717898,20.312232710470308,0.19485336009740103,0.013605437555984567,0.025631000136072436,0.9400592651712697,0.981834765278582,0.4815318044465,0.4815318044465,0.41715001821449377,0.3143636759020665,1.074534821120324,1.9046903178613248,2.231492938156921,0.38905596304953316,-0.9965743049159133,28.049547375659095,23.6290373222283,0.514273494775176,0.044370634795870736,0.15695584782980815,0.7671414324434568
mass_0.00g_trial_04,0.0,data/cleaned/0.00g/mass_0.00g_trial_04.csv,2_second_window,3,4000.0,6000.0,138.0,1983.0,71.42857142857143,0.40953235887397665,0.7561222003360681,0.8263779301684148,0.0541304347826087,0.20260165908039798,0.20260165908039798,0.17711405166981728,0.16999999999999998,0.41586956521739127,0.82,2.0526463954195098,-0.09893451405004629,-1.1033911082565964,20.025287406726314,19.061855017628538,0.5648383869844941,0.013086145933102897,0.12669571343756955,0.847602795439882,0.04478260869565217,0.14662491529238492,0.14662491529238492,0.12572148708254566,0.12,0.29478260869565215,0.5700000000000001,2.0104537356957772,-0.06819299381276746,-1.02479314133454,20.025287406726314,19.166287804541863,0.5773076225497095,0.017692781152637164,0.11023580830271774,0.8470216897859442,11.522753623188406,1.0422312798739741,1.0422312798739741,0.9206847300987189,0.7699999999999996,2.042753623188405,3.7799999999999994,1.959981112287681,-0.12523622641937673,-1.0572784323790692,20.025287406726314,19.868041652438365,0.5153297766628319,0.006009233800959646,0.055427103319842116,0.9046799321116445,0.9566714306600235,0.4832929883137919,0.4832929883137919,0.4125559228331889,0.30984994518690956,1.1140656033701737,1.8811043370701166,2.3051557343241122,0.5708552760126245,-0.87476897623299,28.035402369416843,23.013072759468233,0.6896148300503483,0.04125905770737703,0.20622492596912778,0.7009707864569992
mass_0.00g_trial_04,0.0,data/cleaned/0.00g/mass_0.00g_trial_04.csv,2_second_window,4,6000.0,8000.0,138.0,1983.0,71.42857142857143,0.4542103163838038,0.7841132550106147,0.8568840934616304,0.05442028985507246,0.20303857745794976,0.20303857745794976,0.1831159420289855,0.185,0.4344202898550725,0.77,2.13959482623465,-0.10329268083002727,-1.3014955909616392,20.525919591894475,19.899388586512735,0.21733647873596917,0.00844014742277724,0.06957123344445079,0.9124518942040546,0.03681159420289855,0.14970495382220253,0.14970495382220253,0.1287544633480361,0.13,0.28681159420289853,0.56,1.9158457143878556,0.13715503901953738,-1.1405062840284217,20.525919591894475,19.550678379796636,0.25993931833371947,0.03326790439854038,0.05729246929930165,0.895521603687746,11.509347826086957,1.057471832304985,1.057471832304985,0.9245841209829867,0.8400000000000007,2.0393478260869564,3.8999999999999986,1.9285126693557064,-0.11104810045899953,-1.0383417518672935,20.525919591894475,20.12553396069383,0.1867513640998042,0.018139350215237524,0.03428395030957439,0.9286790241914673,0.9645316697608953,0.5015591403631053,0.5015591403631053,0.4155302861403727,0.2616240016655092,1.10929340002677,1.9344538635673934,2.211690129350835,0.49195177385229427,-0.6353919668741908,28.035402369416843,23.248668287285156,0.5121787166135198,0.04385074033820959,0.15758748764094244,0.7619658659268624
mass_0.00g_trial_04,0.0,data/cleaned/0.00g/mass_0.00g_trial_04.csv,2_second_window,5,8000.0,10000.0,139.0,1997.0,71.42857142857143,0.4570197166349122,0.8054583741417495,0.8497359081835387,0.05115107913669064,0.20583949581750294,0.20583949581750294,0.1840536204130221,0.19,0.37115107913669065,0.73,1.8031091538708042,-0.03340808283306146,-1.3368874000236233,20.383092624545288,19.88940087796961,0.2673569802600744,0.0041036071138992,0.06442062032420014,0.9192691379684303,0.03273381294964029,0.15301669516941388,0.15301669516941388,0.13017028104135395,0.13,0.32273381294964026,0.5700000000000001,2.109141179609993,0.024158680271893353,-1.120319858610875,20.383092624545288,19.756083937100467,0.2460382390314862,0.011356967663634917,0.06914326510067707,0.9052178481724313,11.498561151079137,1.0739234603911638,1.0739234603911638,0.9565778168831844,0.8300000000000001,2.008561151079137,3.9399999999999995,1.8703019583421174,-0.10744750589817202,-1.1643422989758276,20.383092624545288,20.071338545520078,0.2087056372449264,0.011900239857668138,0.035116230476987025,0.933137077074771,0.9925053546297233,0.48376515671225356,0.48376515671225356,0.4137409167995326,0.28608523265795527,1.055250059453979,1.9498305129153748,2.18132712704162,0.4128839439744383,-0.8509244972517296,28.337470234123938,23.16251921770373,0.572610561937686,0.06170844713386292,0.18966882880620423,0.7157606202833454
mass_0.00g_trial_05,0.0,data/cleaned/0.00g/mass_0.00g_trial_05.csv,2_second_window,1,0.0,2000.0,139.0,1998.0,71.42857142857143,0.4694640735042772,0.7886656254277594,0.8553217582033731,0.05381294964028777,0.20527011747273602,0.20527011747273602,0.18137363490502562,0.18,0.3938129496402878,0.76,1.9185108601722998,-0.0395283565475999,-1.2662130100846851,19.87599109901108,19.559735434695167,0.3799053518723538,0.009409314620828248,0.04817238657363296,0.9308677586980243,0.04244604316546763,0.1510864335339627,0.1510864335339627,0.13138450390766523,0.13,0.29244604316546763,0.5700000000000001,1.9356207988040748,0.043489029118078504,-1.1832462617250585,19.87599109901108,19.197067398971505,0.41976461174261054,0.018383906722341047,0.06713837492687476,0.9012498685220055,11.523381294964029,1.0681150976408837,1.0681150976408837,0.9597557062263856,0.9899999999999984,2.053381294964028,3.91,1.9224344824815927,-0.08809593872849028,-1.1842040528806501,19.87599109901108,19.64634674542495,0.36785949136271134,0.004929873778944803,0.04227976342556191,0.9386223308615989,0.996028128094372,0.4623426882502842,0.4623426882502842,0.3785192220317615,0.29350333172206367,1.087405054268661,1.9041873255910597,2.351946038951969,0.5163690717611136,-0.547753560685925,29.81398664851662,23.676311115091487,0.6950240196606239,0.06243984157108833,0.15674434559055228,0.7328926046103027
mass_0.00g_trial_05,0.0,data/cleaned/0.00g/mass_0.00g_trial_05.csv,2_second_window,2,2000.0,4000.0,138.0,1984.0,71.42857142857143,0.4678606892148751,0.7858657681885567,0.857265075747781,0.04855072463768116,0.21661276048913017,0.21661276048913017,0.19281663516068054,0.18,0.40855072463768116,0.78,1.8860879835294035,-0.1332454455813625,-1.297859577790647,19.51481416549795,19.333338229226545,0.34874908054370374,0.00944178099186491,0.03969306139967289,0.9378369318855353,0.044130434782608696,0.15156539823881052,0.15156539823881052,0.13097668557025832,0.13,0.3041304347826087,0.5900000000000001,2.006595425582643,0.09074391797810319,-1.1406564081623032,19.51481416549795,18.89413709708176,0.44521103087494585,0.016034263069796797,0.08366055491466702,0.890057715634815,11.52695652173913,1.0483897996559697,1.0483897996559697,0.9272463768115942,0.835,2.1869565217391305,3.99,2.086014688865518,-0.05606165103148243,-1.1483914341088743,19.51481416549795,19.257995987614976,0.3823328537787541,0.005505171271626393,0.04479457702153526,0.9364841161055496,0.9686010028712003,0.4804439896695555,0.4804439896695555,0.4058191232207014,0.360427780959079,1.2431402654834973,2.061188603782084,2.587482187754116,0.3679213833193926,-0.7241453042859032,29.522411173445615,24.68207830880719,0.6467561959302308,0.06618581457661596,0.10772635347670341,0.5842531175753409
mass_0.00g_trial_05,0.0,data/cleaned/0.00g/mass_0.00g_trial_05.csv,2_second_window,3,4000.0,6000.0,138.0,1982.0,71.42857142857143,0.47895619292484437,0.7690592361228393,0.8626297177637071,0.05478260869565218,0.20353832880257572,0.20353832880257572,0.17942028985507247,0.185,0.3947826086956522,0.74,1.9395983597692599,-0.10035964331605328,-1.2722731989200382,19.5345062080483,19.154335268144145,0.42681032511765393,0.00997909386157352,0.06115665116764104,0.9212588339216871,0.036086956521739134,0.1480914072535319,0.1480914072535319,0.1257908002520479,0.125,0.3160869565217392,0.5700000000000001,2.1344044356375087,-0.15604176578784087,-1.0082052555586571,19.5345062080483,19.077768906216747,0.48366279369718274,0.01353687519882945,0.07362049114419293,0.8888203903721644,11.492898550724638,1.0545760896390926,1.0545760896390926,0.9331653014072675,0.8449999999999998,2.102898550724637,3.92,1.9940700072616968,-0.1144413352114574,-1.0683483640693596,19.5345062080483,19.18835280016208,0.4283060019913527,0.006531504705927803,0.05850247080140698,0.9223917926957003,0.9702973761021321,0.4837485369092851,0.4837485369092851,0.3933623012257071,0.28469595249087826,1.1625989145907605,1.977117997254512,2.4033125185632898,0.5706868101134704,-0.5811788048618678,30.553971248485798,24.012943077388634,0.610137661801915,0.04436957650037562,0.19842634790028238,0.22911098146942674
mass_0.00g_trial_05,0.0,data/cleaned/0.00g/mass_0.00g_trial_05.csv,2_second_window,4,6000.0,8000.0,138.0,1981.0,71.42857142857143,0.4553754978792915,0.765778600511333,0.8528727223792084,0.05442028985507246,0.19570762767544542,0.19570762767544542,0.17640201638311281,0.18,0.36442028985507247,0.6699999999999999,1.8620648269234255,-0.09456641860913469,-1.3764319127683442,19.544367139997274,18.99045039073344,0.4590629766325345,0.009775005310259032,0.0859429357434468,0.8913423370298013,0.041739130434782605,0.15258123540050822,0.15258123540050822,0.1328481411468179,0.14,0.3017391304347826,0.5900000000000001,1.9775638180065331,-0.03863865858540955,-1.179154211756265,19.544367139997274,19.063595215529503,0.3822186791728922,0.0095974665252352,0.07052415826160444,0.9069229522563909,11.501449275362319,1.0556058434389104,1.0556058434389104,0.9330833858433103,0.9199999999999999,2.0214492753623183,3.889999999999999,1.9149659770515497,-0.08055834770221862,-1.01214849743526,19.544367139997274,19.497251964603855,0.4072733895392588,0.003572905504739271,0.055583364093960544,0.9196421510757207,0.969126159764364,0.4864983988559937,0.4864983988559937,0.4101157173600032,0.2490970270536083,1.0811014762771363,1.8481549768608931,2.222209731459257,0.7254414636525186,-0.7405745110827593,30.068257138457348,23.14415341288672,0.7176668209492624,0.035100090691975304,0.25782650479526964,0.2679796369768107
mass_0.00g_trial_05,0.0,data/cleaned/0.00g/mass_0.00g_trial_05.csv,2_second_window,5,8000.0,10000.0,138.0,1982.0,71.42857142857143,0.3454605457910936,0.7174762195499066,0.8387268367260591,0.05318840579710145,0.194101368657848,0.194101368657848,0.17202898550724638,0.16499999999999998,0.39318840579710146,0.71,2.025685900701679,-0.16482031142185358,-1.1823285699348631,19.5345062080483,19.262894221533763,0.45831644540418875,0.013000298800574342,0.04931467415935072,0.9174366669966199,0.04101449275362319,0.14287062078227883,0.14287062078227883,0.12253518168452007,0.14,0.28101449275362317,0.56,1.9669158796605384,0.018449196556569993,-1.1284327698689145,19.5345062080483,19.038742198446,0.43282216094944603,0.0031635066380335045,0.06841539056487232,0.9159050118441107,11.518985507246375,0.9729495643980852,0.9729495643980852,0.8558265070363369,0.8149999999999986,2.128985507246375,3.99,2.1881766384915036,-0.1923005549307009,-0.9368745643699086,19.5345062080483,19.057721811572797,0.4042506898459022,0.0018378296892496927,0.061637479793921396,0.9310116519331965,0.8939831763680443,0.4533346344929866,0.4533346344929866,0.36422801494822854,0.25270843071875854,1.2589253499918978,1.9784510452121897,2.777033242562397,0.7599160377483126,-0.0921187701345012,30.553971248485798,23.900434061418068,0.6870023440401394,0.07515910973645454,0.17399267420109593,0.1933682253628607
mass_0.00g_trial_06,0.0,data/cleaned/0.00g/mass_0.00g_trial_06.csv,2_second_window,1,0.0,2000.0,139.0,1997.0,71.42857142857143,0.42594730226703587,0.7531038413288031,0.8522080675860919,0.06230215827338129,0.20792332754942808,0.20792332754942808,0.19135034418508357,0.19,0.39230215827338133,0.73,1.8867635627855284,-0.12424869408575365,-1.4506375177818156,18.89164682274929,18.073443742476865,0.398600652291778,0.010529896305622436,0.11111123169557864,0.8689846822502031,0.03877697841726619,0.15191089982089903,0.15191089982089903,0.12472025257491849,0.12,0.3387769784172662,0.6499999999999999,2.2301031645305227,-0.07947226698214628,-0.8226221654902632,18.89164682274929,18.27860315997504,0.42622189248390085,0.019041098871594338,0.0737299245516226,0.896994980026919,11.50589928057554,1.0739879378163528,1.0739879378163528,0.9253734278764041,0.8200000000000003,2.1658992805755393,4.040000000000001,2.0166886464100107,-0.16451374674189592,-0.9520903823134264,18.89164682274929,18.694456751542265,0.4139662775808881,0.004793770599621421,0.06658738089252307,0.9076343617670203,0.9687235153086887,0.5304091562997575,0.5304091562997575,0.4449467935983141,0.3444232129213334,1.230411340767997,2.033805840000403,2.319740008546605,0.5326797752998349,-0.8281359591284816,30.823213237117265,24.116136651783243,0.7114499059331131,0.05359131220083277,0.20917584360797783,0.13765447983007875
mass_0.00g_trial_06,0.0,data/cleaned/0.00g/mass_0.00g_trial_06.csv,2_second_window,2,2000.0,4000.0,138.0,1983.0,71.42857142857143,0.35690953246347484,0.729448469519625,0.8226801931512814,0.05463768115942028,0.19863359108586456,0.19863359108586456,0.1776811594202899,0.17500000000000002,0.3846376811594203,0.69,1.9364181005676457,-0.1695787816721443,-1.2536412966184898,19.02402303638066,18.826858390626416,0.4199780878316204,0.012773999179716921,0.060856306171184225,0.9026110873609448,0.03673913043478261,0.14130942019881412,0.14130942019881412,0.12113106490233144,0.12,0.3067391304347826,0.5800000000000001,2.170691309915634,0.011959676963879081,-0.9933618850392079,19.02402303638066,18.526765303965483,0.47609650443504165,0.01441442825758825,0.065893519284758,0.9001065430817549,11.48963768115942,0.9716133374036761,0.9716133374036761,0.8505282503675697,0.7349999999999994,1.9496376811594214,3.8100000000000005,2.0065983103620217,-0.15904106320462189,-0.9266846036294618,19.02402303638066,18.876575899185504,0.45783612836631854,0.006233383337113695,0.05379579499115373,0.9147355639558353,0.8893794024150155,0.4609342813517031,0.4609342813517031,0.3703034408420555,0.2214651917429566,1.0812006887815362,1.8264723008433033,2.3456721110239056,0.7299700755561251,-0.3934407776432396,31.539827665578468,24.541980200763433,0.7008950124203019,0.054491816959977915,0.18899483253801813,0.1667062685194574
mass_0.00g_trial_06,0.0,data/cleaned/0.00g/mass_0.00g_trial_06.csv,2_second_window,3,4000.0,6000.0,138.0,1983.0,71.42857142857143,0.4400109281421591,0.7203822565568163,0.873274664989766,0.05934782608695653,0.1990637743623637,0.1990637743623637,0.17833333333333332,0.185,0.38934782608695656,0.72,1.9558949253027387,-0.14964775075151832,-1.28325177797397,18.523390851212753,17.985850451583556,0.3137606560311096,0.02842130323213251,0.06451152907906649,0.8954211303753834,0.03920289855072464,0.14849516458336912,0.14849516458336912,0.12765490443184202,0.135,0.2892028985507246,0.56,1.9475576821786575,-0.06292517087680599,-1.1172596380152475,18.523390851212753,18.3291494041203,0.3363590889870685,0.013938970592624108,0.05629435259313683,0.9120260794858078,11.50913043478261,1.0116548920792738,1.0116548920792738,0.8820919974795209,0.8099999999999996,1.9791304347826113,3.8100000000000005,1.956329624141753,-0.16950678643726216,-0.989942932687967,18.523390851212753,18.341639284843396,0.29977209390089177,0.012372993430841658,0.044745713089918246,0.9242397558864907,0.9236324229610893,0.4816907390546207,0.4816907390546207,0.39155255401049005,0.25265567430824737,1.078577679677013,1.845411267131537,2.239149712103369,0.5851244587367311,-0.6281784381231179,32.04045985074638,24.70806881083044,0.6767706837073975,0.07336950917011176,0.1836732495691173,0.1552835360409066
mass_0.00g_trial_06,0.0,data/cleaned/0.00g/mass_0.00g_trial_06.csv,2_second_window,4,6000.0,8000.0,138.0,1983.0,71.42857142857143,0.4375372249976823,0.7452509617745217,0.857768810490944,0.059782608695652176,0.19962452940713674,0.19962452940713674,0.18007876496534345,0.17,0.3997826086956522,0.74,2.0026727671341957,-0.1821967746542008,-1.2744309493875081,18.523390851212753,18.546689716294736,0.5701658143854088,0.014988779169886623,0.09229205703089836,0.8710052808870418,0.042971014492753624,0.1480325533151401,0.1480325533151401,0.12553665196387315,0.13,0.32297101449275367,0.5900000000000001,2.1817566964827977,-0.0538539390192997,-1.0293158260180415,19.02402303638066,18.61986847449906,0.4902612398077434,0.010752592420263532,0.06623715265109613,0.9097585722786443,11.528260869565218,1.0231918750197786,1.0231918750197786,0.8990611216131065,0.835,1.9882608695652184,3.7700000000000014,1.9431945445489243,-0.13370304305590983,-1.0341477255251212,19.02402303638066,18.673667314950613,0.48206434331414366,0.004138357352033853,0.06363820541976575,0.9165963897185678,0.9386421968607039,0.477112176496285,0.477112176496285,0.3953800713686338,0.2771433052985671,1.0732230456029241,1.8256628819774634,2.2494144951072754,0.5853686799236603,-0.6746307057053516,31.539827665578468,24.70350963176656,0.6733752284201128,0.06298846520942504,0.17787749361896374,0.13940384015794105
mass_0.00g_trial_06,0.0,data/cleaned/0.00g/mass_0.00g_trial_06.csv,2_second_window,5,8000.0,10000.0,138.0,1982.0,71.42857142857143,0.3924744944899087,0.7381456959914613,0.8111142388592446,0.052246376811594206,0.209184122890532,0.209184122890532,0.18820310859063222,0.185,0.39224637681159424,0.74,1.875124992238825,-0.15636053564023672,-1.3047996506948063,19.033621433482956,18.91720101334008,0.3201783459566939,0.009449241724117709,0.056486131508647834,0.9059225168213334,0.043913043478260874,0.13835176120985115,0.13835176120985115,0.11704473850031508,0.12000000000000001,0.29391304347826086,0.56,2.124389605944049,0.021893216345031788,-0.975337922848619,19.033621433482956,18.78636128535608,0.38380061445711233,0.01147622140509835,0.067733457093614,0.9050881545307096,11.519420289855073,0.9343274478886815,0.9343274478886815,0.8122075194286914,0.7949999999999999,2.0194202898550735,3.7799999999999994,2.1613624799511113,-0.10802283767051848,-0.9530797789417873,19.033621433482956,18.771140455742447,0.3306974328937768,0.006171403645416488,0.06183943382885481,0.9183027795429572,0.8566971396863916,0.44937400662552884,0.44937400662552884,0.36488036625367604,0.27184317143137615,1.1855779056609694,1.8885612185174159,2.6382876805977165,0.5975673640510446,-0.4446109997082499,31.05485602305114,24.149088620112142,0.704469776790858,0.050467510530239984,0.16303603949215847,0.24928771977751468
mass_0.00g_trial_07,0.0,data/cleaned/0.00g/mass_0.00g_trial_07.csv,2_second_window,1,0.0,2000.0,138.0,1989.0,71.42857142857143,0.442632609263562,0.7718699048009245,0.823694147485719,0.049637681159420285,0.20111071801117616,0.20111071801117616,0.18296576349506405,0.18,0.3796376811594203,0.75,1.8877048668202905,-0.014115121756596367,-1.3391370513618548,18.467513352428416,17.837305906048606,0.40149290333223914,0.0410337269123703,0.07390299553179179,0.8639221504185273,0.03318840579710145,0.14241186192273136,0.14241186192273136,0.1261520688930897,0.13,0.27318840579710146,0.51,1.9182981116090296,-0.13560468966794473,-1.2602712635695286,18.467513352428416,18.08553441115121,0.3916703904252506,0.019182638003508796,0.05729253608773634,0.9140658132736292,11.535072463768117,0.9573349529502757,0.9573349529502757,0.8268788069733247,0.7949999999999999,1.9650724637681165,3.629999999999999,2.052648822350251,-0.27469291700047477,-0.9805631413897897,18.467513352428416,18.23452196166961,0.33112521554207863,0.021275052752450927,0.02973590851827498,0.9306784497197195,0.8739267974479864,0.4620268651906326,0.4620268651906326,0.37675190992658597,0.3063581103941827,1.113648325075653,1.8375758051548923,2.4103540486031285,0.49112781160476937,-0.49188340732520563,32.442928862374245,24.80401515756649,0.7161109937689351,0.0797178145522706,0.17804042619254207,0.13957390962566257
mass_0.00g_trial_07,0.0,data/cleaned/0.00g/mass_0.00g_trial_07.csv,2_second_window,2,2000.0,4000.0,138.0,1989.0,71.42857142857143,0.43278635722057696,0.7474819593995303,0.8567721184290787,0.04876811594202899,0.1988643587632168,0.1988643587632168,0.180670027305188,0.18,0.368768115942029,0.72,1.8543700753392052,-0.03814221062119773,-1.3653582649798803,18.966635334926483,18.17255860496506,0.536710791451997,0.029242875060306088,0.06968988453093876,0.8841174184290703,0.03804347826086957,0.14657371245248788,0.14657371245248788,0.12781033396345307,0.135,0.2980434782608696,0.56,2.033403352306307,-0.030555317309035317,-1.1425876909238313,18.966635334926483,18.810523631877924,0.47509371653711796,0.018927560504379014,0.03039235547629164,0.935572753665246,11.51927536231884,1.015893008803099,1.015893008803099,0.8978785969334174,0.8049999999999997,1.979275362318841,3.8200000000000003,1.9483108409720982,-0.17794202887136695,-1.1135132312192981,18.966635334926483,18.752977920544822,0.4435447948285886,0.0101966563586815,0.03679659391143569,0.9383044992647523,0.9375733002186831,0.4626292234829862,0.4626292234829862,0.379303659204205,0.28600501378003024,1.0640934149792693,1.8411194142776062,2.3000998660829364,0.4545094192696953,-0.7020297347000599,30.94556291488005,24.342288931566856,0.7270923321966062,0.0793356036724977,0.1664832922190162,0.15461216180374598
mass_0.00g_trial_07,0.0,data/cleaned/0.00g/mass_0.00g_trial_07.csv,2_second_window,3,4000.0,6000.0,138.0,1989.0,71.42857142857143,0.44231666453896373,0.7622492831636498,0.8600559429369522,0.04666666666666667,0.2139833846093871,0.2139833846093871,0.19294685990338162,0.195,0.3766666666666667,0.74,1.7602612808197584,-0.054639780880259343,-1.37325870882944,19.465757317424547,18.874217721060347,0.4368801910676241,0.014459542536020699,0.07107928166995979,0.8986490801343001,0.04630434782608696,0.14785459017618924,0.14785459017618924,0.12610586011342156,0.14,0.30630434782608695,0.5700000000000001,2.0716593746672514,-0.010045366157797475,-1.180215745721111,19.465757317424547,19.24895858720675,0.3988413885072145,0.006710960899451187,0.05059485263103149,0.9274125694151087,11.558260869565217,1.0499978695930618,1.0499978695930618,0.9298109640831759,0.9050000000000002,2.0282608695652176,3.8200000000000003,1.9316809379349429,-0.04049403918433407,-1.1467798017485167,19.465757317424547,19.36264617308699,0.40961146728357106,0.004968603708663972,0.050123367620666374,0.9281499440763264,0.9713846519129812,0.4759803072637802,0.4759803072637802,0.3935751077250956,0.3241350902382648,1.0831896640020522,1.8852441028194291,2.2757026865856593,0.3939199709533837,-0.7555097738166867,30.446440932381986,23.705131717907133,0.6204998256543766,0.10005187258614213,0.15172806369078046,0.27670107130384375
mass_0.00g_trial_07,0.0,data/cleaned/0.00g/mass_0.00g_trial_07.csv,2_second_window,4,6000.0,8000.0,138.0,1989.0,71.42857142857143,0.4606338421868895,0.7620160558950815,0.8707787034666511,0.05,0.198702311752159,0.198702311752159,0.17971014492753623,0.175,0.36,0.6699999999999999,1.8117554688997644,-0.06703000892077056,-1.386861806006583,18.966635334926483,18.11829882369471,0.25722737855978245,0.030487657764522853,0.0742728852182093,0.8847057295971136,0.04094202898550725,0.14550704789523966,0.14550704789523966,0.12440663726107962,0.13,0.28094202898550724,0.54,1.930779526142104,-0.03919260282884542,-1.1177116030501593,18.966635334926483,18.95474878245008,0.23635674622759967,0.010111787528551096,0.04072586963039797,0.9315467895339448,11.502028985507247,1.0543101044101255,1.0543101044101255,0.930142827137156,0.8950000000000005,2.0520289855072473,3.84,1.9463239296708952,-0.15870633565114878,-1.1099437515894366,18.966635334926483,18.7348627927476,0.20283179450177224,0.006441357501187861,0.05117923637638804,0.9280903606397648,0.9671490991065622,0.4866696272025763,0.4866696272025763,0.4086580979332634,0.2932765564995896,1.106835881517207,1.9695163257412063,2.274306469214867,0.43972613881313655,-0.8836564997834837,30.94556291488005,24.75392781987712,0.5278376464949698,0.08073100611621946,0.14333249094715575,0.12690935702429057
mass_0.00g_trial_07,0.0,data/cleaned/0.00g/mass_0.00g_trial_07.csv,2_second_window,5,8000.0,10000.0,137.0,1974.0,71.42857142857143,0.4262692745888657,0.7275133342294837,0.8670994416317346,0.04503649635036496,0.19761395709888305,0.19761395709888305,0.17799243433320902,0.16999999999999998,0.35503649635036494,0.6699999999999999,1.796616502005018,-0.15843395210038122,-1.3384666552936242,18.606852587290323,18.207594698204016,0.4782847132592478,0.024498648272150897,0.07815235827580252,0.8839632592193892,0.03532846715328467,0.15550741571676205,0.15550741571676205,0.13271564814321488,0.14,0.30467153284671533,0.5900000000000001,1.9592090283439452,0.04306788806213603,-1.1471347661984703,18.606852587290323,18.43830836981686,0.4010874928853167,0.016696339613974792,0.04672767565145842,0.9206311650794526,11.49029197080292,1.0395738469999085,1.0395738469999085,0.9202855772816879,0.8399999999999999,2.0402919708029206,3.84,1.9626234121712185,-0.12281881205126222,-1.0810989345303281,18.606852587290323,18.577400330157424,0.38333704619687103,0.005600855552020977,0.04273097564462349,0.9321841874202723,0.9603219939331933,0.4708813902858653,0.4708813902858653,0.3793515776514783,0.27207214510467836,1.103565763727439,1.9216538431380858,2.3436172813231804,0.5588680516890953,-0.509146359798903,31.681938189170012,23.945825560078905,0.7350002134874997,0.10534967677508587,0.15136851623537867,0.143585460856652
mass_0.00g_trial_08,0.0,data/cleaned/0.00g/mass_0.00g_trial_08.csv,2_second_window,1,0.0,2000.0,138.0,1989.0,71.42857142857143,0.3924163690869687,0.7175878981239403,0.8539517928920449,0.05789855072463768,0.1947851023175441,0.1947851023175441,0.17685360218441507,0.17,0.3778985507246377,0.69,1.9400793296223289,-0.07110376453494703,-1.2956523902593804,17.96839136993035,17.48900789118604,0.33875037719668005,0.05945201635712517,0.027535053338278506,0.8818854297809537,0.042246376811594204,0.15198216007027315,0.15198216007027315,0.13101869355177484,0.13999999999999999,0.2977536231884058,0.5900000000000001,1.9591353554307374,-0.10226717383419273,-1.1922131212485323,17.96839136993035,17.968274009017417,0.3033396980218822,0.016960146465442586,0.03951047426162643,0.9231452741416313,11.519710144927535,1.0506353785175582,1.0506353785175582,0.9253623188405796,0.8299999999999983,2.1097101449275346,3.9299999999999997,2.0080326515411335,-0.14770126375360781,-0.9939880556014469,17.96839136993035,17.78214069906264,0.2910711657550271,0.033368321899731095,0.022626688709257273,0.9260690841302806,0.9619991351953727,0.4893180719537855,0.4893180719537855,0.4071025404806809,0.2874960406502828,1.166717422732186,1.9287397949422322,2.384374274331684,0.6750441664197129,-0.6211539515446383,32.94205084487231,22.465371584095436,0.6767798391019193,0.1719110520650732,0.14958471438695226,0.1621294829614227
mass_0.00g_trial_08,0.0,data/cleaned/0.00g/mass_0.00g_trial_08.csv,2_second_window,2,2000.0,4000.0,138.0,1988.0,71.42857142857143,0.4631741355990109,0.7598334323691421,0.8439970338011029,0.06739130434782609,0.19848084034071561,0.19848084034071561,0.174820415879017,0.16999999999999998,0.4273913043478261,0.75,2.1533126502999425,-0.14494393400420938,-1.1489055506849644,18.476802846076414,18.257896965036398,0.4309364033098105,0.030324293859095065,0.07505030148425393,0.874508312855433,0.035797101449275365,0.1483377051669841,0.1483377051669841,0.1304032766225583,0.13,0.2857971014492754,0.54,1.9266652475683974,-0.16664864764303222,-1.2598543533962203,18.476802846076414,18.33024273364446,0.3927550843300677,0.016075939320630603,0.051344214319789146,0.9114327856121399,11.537898550724638,1.0124703988505661,1.0124703988505661,0.8945956731779039,0.8400000000000007,2.067898550724637,3.719999999999999,2.042428650825025,-0.27584322218283824,-1.0987130879481446,18.476802846076414,18.31055126833847,0.3596380959652598,0.0240175621280553,0.023676937012301863,0.934620693381288,0.9363786982311553,0.45791916404985167,0.45791916404985167,0.3643308104978736,0.23955058947628205,1.1426061889434982,1.924905427345678,2.4952137378096446,0.4829420837941267,-0.3955983605434561,32.45924824310721,24.88919608068137,0.703499616721682,0.09643921236601746,0.15433073199282907,0.1763844681543598
mass_0.00g_trial_08,0.0,data/cleaned/0.00g/mass_0.00g_trial_08.csv,2_second_window,3,4000.0,6000.0,138.0,1988.0,71.42857142857143,0.4680521773162085,0.7575357565355172,0.8553074096736355,0.04876811594202899,0.19918112396215445,0.19918112396215445,0.17780718336483933,0.185,0.378768115942029,0.71,1.9016265618322201,-0.07603653519622953,-1.332922596174084,17.478056746288498,17.190182242300168,0.5415417406583016,0.05579686619187901,0.04177172990883973,0.8840180946620738,0.038188405797101456,0.14769845655413266,0.14769845655413266,0.12773997059441294,0.135,0.3081884057971015,0.6100000000000001,2.0866054594426178,-0.09235606925728872,-1.0521493283887011,17.977429796182456,17.60901874169541,0.5272098167520438,0.022103669455743054,0.058881849687644226,0.8969353968490827,11.502101449275361,1.0082783812300404,1.0082783812300404,0.8862738920394875,0.8049999999999997,2.0121014492753613,3.91,1.9955812667734834,-0.12832352645127368,-1.0165264503074356,17.977429796182456,17.452786156477856,0.4811804637121202,0.03220045444438828,0.03264496963977137,0.9210402953463631,0.9254919575198692,0.47072060166643603,0.47072060166643603,0.388442144602087,0.2890114886413055,1.105721843475982,1.8984049119552773,2.348998194601058,0.5935476557213852,-0.5016948302758126,33.45799434289513,25.522897682600426,0.7194355089647574,0.1006737440706526,0.11254624156802587,0.16737256584124727
mass_0.00g_trial_08,0.0,data/cleaned/0.00g/mass_0.00g_trial_08.csv,2_second_window,4,6000.0,8000.0,138.0,1988.0,71.42857142857143,0.4305270989266299,0.742576039496702,0.8556424497671545,0.05934782608695653,0.2066159586753455,0.2066159586753455,0.18993698802772527,0.18000000000000002,0.38934782608695656,0.74,1.8844034535528624,-0.087708243367667,-1.4185571716846503,17.478056746288498,17.25235196612261,0.3497427724057958,0.0243685420956957,0.048270963529940696,0.9020287613392397,0.03673913043478261,0.1521639230675321,0.1521639230675321,0.13146502835538754,0.14,0.2967391304347826,0.5800000000000001,1.9501280228105473,-0.08399131611420896,-1.1705413428818008,17.478056746288498,17.411592202497044,0.32410361761635587,0.02604615476344139,0.045707207900638466,0.905586774713405,11.531376811594203,1.0585957283042648,1.0585957283042648,0.9298676748582231,0.8599999999999994,2.0913768115942037,3.8499999999999996,1.9756142554479434,-0.17843380162111525,-1.0689327576428878,17.478056746288498,17.384108904294653,0.2563916280789057,0.0285469666346647,0.017186259109072063,0.9410960256761788,0.9720955389740044,0.49142567388518754,0.49142567388518754,0.40627758389921353,0.326836418946107,1.1432003557715142,1.9295855920422473,2.3262935099288313,0.4924138054400178,-0.7280564164358716,34.45674044268304,27.62659634676337,0.544103984993445,0.05799919535250947,0.08843173048322403,0.16537145667551553
mass_0.00g_trial_08,0.0,data/cleaned/0.00g/mass_0.00g_trial_08.csv,2_second_window,5,8000.0,10000.0,137.0,1974.0,71.42857142857143,0.27160990985239986,0.6195242494508313,0.6665189567579822,0.058394160583941604,0.2809479094941141,0.2809479094941141,0.2158772443923491,0.17,1.4616058394160585,2.27,5.202408667314463,0.7979534242791281,4.673300921606249,18.103964679507996,18.107078266123633,0.7897412817198001,0.08230138143961607,0.14613543828448025,0.6621913158649732,0.056277372262773726,0.2067757602704697,0.2067757602704697,0.15272630401193457,0.13,1.0162773722627736,1.76,4.914876728942737,-0.1292252574325903,4.733160740911542,17.601076771743884,17.638009125841453,0.742277605078281,0.054998690779184435,0.16136911436983326,0.7490760268936455,11.485839416058393,1.081654344140585,1.081654344140585,0.9446896478235388,0.8800000000000008,3.1441605839416074,5.840000000000002,2.906807152371547,-0.05925183951343527,-0.6631187429223013,17.601076771743884,17.6904285298273,0.502711542170533,0.02434849620941481,0.04720223780172285,0.9029182322373608,1.0033757867008077,0.5337612703683905,0.5337612703683905,0.40918855695541545,0.29617274453313747,2.4873303549808723,3.3281844225791835,4.660005311483485,1.1846829629722615,2.650987433013989,33.190601912431326,22.235137595712278,0.721834202420242,0.13696425800951526,0.14364338135058255,0.2625158959569766
mass_0.00g_trial_09,0.0,data/cleaned/0.00g/mass_0.00g_trial_09.csv,2_second_window,1,0.0,2000.0,138.0,1987.0,71.42857142857143,0.7228506749734173,0.8746641957125456,0.8637983431839009,0.11405797101449275,0.2245499127277233,0.2245499127277233,0.18942028985507248,0.185,0.4340579710144927,0.8300000000000001,1.9330133142416637,-0.24963413293642983,-0.9786853156451287,18.486101689976707,19.040642382951887,0.5905806836873466,0.013358155426606778,0.10084932836349161,0.8096401151671753,0.06847826086956521,0.1588130893645016,0.1588130893645016,0.13318210459987398,0.13,0.3584782608695652,0.6399999999999999,2.257233722384179,-0.2740365309404964,-0.9118547666523913,18.486101689976707,18.074392437269076,0.5668688859551152,0.035904221389677665,0.10142767838406022,0.8158010587691051,11.472318840579709,1.0792873990022458,1.0792873990022458,0.9822180214240709,0.915,1.9723188405797085,3.4800000000000004,1.8274269137238435,-0.31335403081167457,-1.301659115897084,18.486101689976707,18.690397435577573,0.46230304402417566,0.009585666978975433,0.029407404954658024,0.9242756167762117,1.018739685380386,0.45019440660189264,0.45019440660189264,0.3783727046157129,0.3019403857932256,0.9772271430339086,1.8617829275145978,2.17067810862002,0.3710406366857785,-0.6084458463172293,32.47558404995908,24.916175188830195,0.7066631724817323,0.07507490276571795,0.1782976238980641,0.1369802537500657
mass_0.00g_trial_09,0.0,data/cleaned/0.00g/mass_0.00g_trial_09.csv,2_second_window,2,2000.0,4000.0,138.0,1987.0,71.42857142857143,0.6843782419174564,0.8605699395600092,0.8661559303349511,0.1127536231884058,0.22530098424411124,0.22530098424411124,0.19520268851081704,0.185,0.45275362318840584,0.8600000000000001,2.009550134489657,-0.18270668936234313,-1.073368934000165,17.986477319977336,17.944461701605164,0.31920253215099875,0.04690795375357942,0.0393855690717189,0.874363515501192,0.06710144927536232,0.1502230365907216,0.1502230365907216,0.13035076664566267,0.14,0.2871014492753623,0.56,1.9111679259790366,-0.15847675282838214,-1.1700842909755766,17.986477319977336,17.87026632079653,0.24016774024327064,0.034181474507180495,0.02129107416562513,0.9224175701439272,11.499057971014492,1.041291622465183,1.041291622465183,0.9331432472169713,0.8150000000000004,2.0690579710144927,3.5500000000000007,1.9870110604713662,-0.36770700292818864,-1.156627662911729,17.986477319977336,18.31266202895534,0.22211895800444847,0.01362760645010583,0.017501937720758688,0.9348263667658685,0.9727084969148924,0.4598411870087827,0.4598411870087827,0.36688267955760506,0.26357012089303866,1.117681398519411,1.9636776154833877,2.4305813182803564,0.4682423395092642,-0.208031073363387,32.97520841995845,24.717899553024438,0.6145358545742619,0.09615566981372163,0.17537777272681052,0.1543237691515682
mass_0.00g_trial_09,0.0,data/cleaned/0.00g/mass_0.00g_trial_09.csv,2_second_window,3,4000.0,6000.0,138.0,1987.0,71.42857142857143,0.7066476363807451,0.8860904755516184,0.8789538532244199,0.11195652173913044,0.23196969659553882,0.23196969659553882,0.202476370510397,0.195,0.46195652173913043,0.84,1.9914520237727236,-0.1601122996980115,-1.1421411814104268,16.987228579978595,18.422808441469687,0.5084313279791083,0.02141994707460118,0.04809128052322123,0.8372365271706119,0.05681159420289855,0.1523296649444756,0.1523296649444756,0.13129174543163202,0.13,0.2868115942028986,0.54,1.8828347998234083,-0.27008737469078553,-1.1878142671126164,16.987228579978595,18.06505144668972,0.47996716494434055,0.014087414300129568,0.0442535849759618,0.8796338445473463,11.5131884057971,1.05523538517548,1.05523538517548,0.9413568578029826,0.8849999999999989,2.0431884057970997,3.4799999999999986,1.9362394727289478,-0.35414497826641655,-1.1959049806180975,16.987228579978595,17.854700200067445,0.4712358647828636,0.010786023994897588,0.0357254143870254,0.9131858883676839,0.9819660557937532,0.4756875553932711,0.4756875553932711,0.3903479770428776,0.3244073549265572,1.0857452289222276,1.9612622066683936,2.2824755800571572,0.2959133022835649,-0.4554386558351009,34.474081529956564,28.761015492955607,0.4378251627289834,0.026369943675463973,0.09967917346338784,0.14910992353904903
mass_0.00g_trial_09,0.0,data/cleaned/0.00g/mass_0.00g_trial_09.csv,2_second_window,4,6000.0,8000.0,138.0,1988.0,71.42857142857143,0.6866201583316075,0.8916321622182457,0.8576131235707593,0.1053623188405797,0.23066746068899693,0.23066746068899693,0.19403696702373452,0.175,0.4953623188405797,0.92,2.1475171112602833,-0.240179711106254,-0.9712744575396619,18.476802846076414,18.420435667656694,0.5292822572948087,0.02681390093446798,0.04498736742481036,0.8796848579841968,0.06572463768115942,0.15610702238036228,0.15610702238036228,0.13176958622138205,0.13,0.30572463768115943,0.56,1.9584297555573549,-0.3155757966118196,-0.9870598401136452,18.476802846076414,18.025210266305457,0.5764631674548103,0.029292081843413136,0.08270989652042351,0.8438531240277847,11.501449275362319,1.0659523541603793,1.0659523541603793,0.9714072673808024,0.9050000000000002,2.071449275362319,3.530000000000001,1.9432850514167133,-0.3085219945778825,-1.2209662882056866,18.476802846076414,18.52206270138018,0.4650858913141492,0.006209865955772766,0.033464620741903345,0.9311207162476993,1.0072986389954208,0.44629670968448865,0.44629670968448865,0.36450922237379996,0.28743330097529635,1.1071584647856676,1.9226015490654738,2.480767706238251,0.654035534917961,-0.11910617772136023,32.958621293001165,23.50371922041536,0.7446189058078533,0.15756715487503997,0.14622897860358916,0.11846796302372346
mass_0.00g_trial_09,0.0,data/cleaned/0.00g/mass_0.00g_trial_09.csv,2_second_window,5,8000.0,10000.0,138.0,1987.0,71.42857142857143,0.611367936588374,0.8857908719802503,0.8098315189107619,0.11217391304347826,0.2445781317041172,0.2445781317041172,0.20987397605545052,0.195,0.49217391304347824,0.91,2.0123381825440325,-0.19627539135955807,-1.078036420659771,18.985726059976077,18.4123102489462,0.538372944952217,0.035437539207476956,0.07540579046869059,0.836275227839824,0.059855072463768116,0.16517002880758694,0.16517002880758694,0.14144927536231883,0.14,0.3101449275362319,0.6,1.8777312674415765,-0.10837198740337993,-1.1698672998914206,18.985726059976077,18.08884286948315,0.5287162976588236,0.03626540156297815,0.08539967631801601,0.8390300853116116,11.530652173913044,1.054426285740493,1.054426285740493,0.9662665406427221,0.7999999999999998,2.0806521739130446,3.67,1.9732552213945076,-0.35250278577583627,-1.2817465261426109,18.985726059976077,18.720599996948305,0.4330898829464581,0.015362755308331411,0.028950763762233697,0.92753716597656,1.0084495281662016,0.42654887425245,0.42654887425245,0.33587839744700215,0.24465576975992148,1.108624802828666,2.022960856158542,2.5990569187917587,0.5146327805597443,0.122427214092526,31.47633530996034,24.07190886382621,0.6457463394296136,0.089982300311514,0.14524889958677437,0.19274444493481452
mass_0.00g_trial_10,0.0,data/cleaned/0.00g/mass_0.00g_trial_10.csv,2_second_window,1,0.0,2000.0,138.0,1989.0,71.42857142857143,0.6821537536520024,0.8788322143462195,0.846752273575301,0.10681159420289855,0.22470265540005382,0.22470265540005382,0.19183784919134636,0.185,0.44681159420289857,0.8600000000000001,1.9884571163941462,-0.13696840289889092,-1.0221153180296092,17.968391369912766,17.772780533271945,0.5335360082049263,0.036979333445452914,0.07103695101636791,0.8390187254534309,0.06550724637681159,0.1548026909840259,0.1548026909840259,0.13430371770636418,0.135,0.3055072463768116,0.5700000000000001,1.9735267160719892,-0.22896020061821792,-1.1791622614630781,17.968391369912766,17.854714979934244,0.4874489900627468,0.02557166448345634,0.07310460336520244,0.8633098720937343,11.513695652173912,1.025574477462108,1.025574477462108,0.9313610586011342,0.8949999999999996,1.993695652173912,3.58,1.9439793949509367,-0.23717666458669243,-1.2565729235923768,17.968391369912766,17.994013259140296,0.43645406820625626,0.0115360722513636,0.03384993287754522,0.929892599419124,0.9705553544321545,0.4292790109992365,0.4292790109992365,0.35091205954597166,0.2909659139063697,1.0427757111470077,1.8158822428499715,2.4291327654704795,0.46808964765884,-0.4680316608117083,33.441172827337645,24.06170330118039,0.7318850855690971,0.13527315763986228,0.1280645160101089,0.17264767674487658
mass_0.00g_trial_10,0.0,data/cleaned/0.00g/mass_0.00g_trial_10.csv,2_second_window,2,2000.0,4000.0,138.0,1989.0,71.42857142857143,0.6722465600972087,0.9053630745378715,0.7841005382225521,0.08239130434782607,0.21508526906290887,0.21508526906290887,0.185945179584121,0.17,0.45239130434782604,0.86,2.103311427690146,-0.20026676494339984,-1.011093309834908,16.97014740491761,17.68615187036244,0.6015195549007701,0.02146858230460013,0.08986651010261926,0.8309941050727371,0.0655072463768116,0.15388718088341097,0.15388718088341097,0.13135475740390676,0.125,0.3155072463768116,0.61,2.050250349415708,-0.18904212914302473,-0.9559324833936782,16.97014740491761,16.85051583975406,0.5903384723724732,0.018645782600899337,0.13587513324022685,0.8175688586343138,11.51840579710145,0.8928153211317295,0.8928153211317295,0.8398781768536021,0.8349999999999991,1.6584057971014499,3.09,1.8575014987413754,-0.08188029207182312,-1.5330989497477805,16.97014740491761,17.245753527916747,0.5173402472465144,0.017950472094600097,0.04533710762273252,0.9255242606980895,0.8798877904987606,0.30472875018099244,0.30472875018099244,0.23244348732997294,0.17220514672768406,0.843837794949761,1.62436803457616,2.7691440156157463,0.2860938650832241,0.2871872081251894,32.94205084484007,22.05377668318421,0.8309622910579691,0.09450096710564267,0.1966964448562099,0.296433566235959
mass_0.00g_trial_10,0.0,data/cleaned/0.00g/mass_0.00g_trial_10.csv,2_second_window,3,4000.0,6000.0,138.0,1988.0,71.42857142857143,0.697931248056756,0.8784207672457074,0.8729517112236467,0.11797101449275363,0.22445153577880364,0.22445153577880364,0.1955954631379962,0.19,0.42797101449275365,0.8200000000000001,1.9067413061255143,-0.2475245001775312,-1.1356113500662801,17.977429796182456,18.428658620665843,0.45418565293590524,0.0267683004034921,0.0509617125711969,0.8496748739584155,0.05702898550724638,0.15487914606065611,0.15487914606065611,0.13395400126023943,0.14,0.2929710144927536,0.57,1.8916104714188948,-0.18063164612547106,-1.1771383596828708,17.977429796182456,17.72578213087435,0.38764576441145854,0.0229661011468569,0.04080894007104348,0.915616304359272,11.521231884057972,1.0340138849869114,1.0340138849869114,0.9210333963453056,0.8649999999999993,1.8912318840579712,3.4399999999999995,1.8290198144504708,-0.260705526300332,-1.2373914824988277,17.977429796182456,18.09787486147982,0.34866363964644526,0.012698868281261239,0.01908656052776953,0.9445209034128932,0.9618834525079001,0.4672590073344222,0.4672590073344222,0.39385948832436063,0.3195821430717718,0.965548186258363,1.8202072481487863,2.0664089318824197,0.2149752511244245,-0.8069087312740444,32.958621293001165,27.382055257856713,0.6827489023910778,0.06129866720006967,0.09316272177500864,0.15100866074206046
mass_0.00g_trial_10,0.0,data/cleaned/0.00g/mass_0.00g_trial_10.csv,2_second_window,4,6000.0,8000.0,138.0,1988.0,71.42857142857143,0.6964128552361301,0.8669184734512374,0.8578190930032551,0.10079710144927537,0.2241766306525478,0.2241766306525478,0.19294791010291956,0.2,0.4607971014492753,0.81,2.055509087222684,-0.24868602116311683,-1.1219231788124115,17.977429796182456,17.856541592387092,0.2815837981442995,0.04640362913760605,0.03884212861040763,0.877707002076966,0.058115942028985505,0.1508649012908698,0.1508649012908698,0.13113211510186937,0.13,0.2881159420289855,0.55,1.9097612470742524,-0.11595177243491195,-1.1792175776258313,17.977429796182456,17.55691117924431,0.22845549571689006,0.034480333298243244,0.03651026508458367,0.9143009411979254,11.496666666666666,1.0020937019259293,1.0020937019259293,0.9051690821256038,0.8500000000000005,1.916666666666666,3.459999999999999,1.9126621222975597,-0.24615427885250277,-1.2620289384037215,17.977429796182456,18.141335397410874,0.1957829007225816,0.015863559376775187,0.01610865013735303,0.943847731100102,0.9442541489845331,0.4308030521448769,0.4308030521448769,0.35204850729890486,0.28269481743978175,0.9981470821036988,1.8658207406315335,2.3169452424585586,0.3061913870742431,-0.5533082344854692,32.958621293001165,25.85945803905079,0.5800351283401389,0.05743428069665897,0.17238546399030882,0.1733439650346755
mass_0.00g_trial_10,0.0,data/cleaned/0.00g/mass_0.00g_trial_10.csv,2_second_window,5,8000.0,10000.0,137.0,1973.0,71.42857142857143,0.6415793495075451,0.8828071088419105,0.8372254698898148,0.12029197080291971,0.21913546657091962,0.21913546657091962,0.19155202727902393,0.2,0.4702919708029197,0.82,2.146124395845879,-0.12019071531865685,-1.1854474073805858,18.11314053593399,17.98481267005639,0.37415361736554387,0.03779514012898357,0.04964619458867023,0.8699325870494542,0.05999999999999999,0.15326138161614788,0.15326138161614788,0.13124087591240877,0.14,0.31,0.5700000000000001,2.0226882775754507,-0.08121734762782148,-1.1732922332080924,18.11314053593399,17.897988145670183,0.3130982385762827,0.029004053265409776,0.04102308364057511,0.90650806001934,11.503138686131386,1.051051438680124,1.051051438680124,0.9488177313655496,0.8699999999999992,1.8631386861313857,3.389999999999999,1.7726427247662153,-0.2984447035467007,-1.2889412095316088,18.11314053593399,18.303031661580302,0.2798585728803183,0.011519268272887939,0.02012580251846945,0.9410329124506827,0.987582030877817,0.44821898982857666,0.44821898982857666,0.36321212161523486,0.28562191332477826,0.9076541432112274,1.75679434162088,2.0250238472902806,0.25912252960139737,-0.6440366627526686,32.70428152321415,25.958993422536697,0.6398401295743622,0.06001301615409235,0.13205827284219648,0.1521905024773043
mass_0.25g_trial_01,0.25,data/cleaned/0.25g/mass_0.25g_trial_01.csv,2_second_window,1,0.0,2000.0,132.0,1998.0,66.66666666666667,0.5747324801268001,-0.2744076051449282,-0.1363852557905899,0.06337166666666666,0.26290367741001086,0.26290367741001086,0.22010520202020206,0.191355,0.6061516666666666,1.2105700000000001,2.3056036059980407,0.06922076170998481,-0.8274265564871532,23.842023841977152,21.802836136575255,0.5160967611499767,0.041844334580570026,0.07107460676027126,0.8774931856364966,0.04219507575757575,0.22469374319516525,0.22469374319516525,0.18672461202938476,0.14321,0.44918507575757577,0.85685,1.999099171032195,-0.36381663585323515,-0.8949288577522694,24.338732672018345,21.51003079141519,0.5194615421257018,0.05932552542990736,0.0930283368103693,0.8362289600029787,11.51450015151515,1.4804234555975229,1.4804234555975229,1.2584021120293847,1.202444999999999,3.547159848484849,6.26144,2.3960440744659492,0.11915314501616059,-0.8891999041885676,23.842023841977152,19.167267513551757,0.5360469768637716,0.12570362594909268,0.09886419314669163,0.7675513910234253,1.332809640709301,0.7313533286602424,0.7313533286602424,0.6150190923032866,0.5704918212264567,2.2512541850895342,3.456307412582285,3.0782032389373004,0.525238924979563,-0.4610512202762691,18.874935541565247,15.86823643098874,0.886596824674785,0.12321260523705317,0.2788015230439209,0.5468879597218959
mass_0.25g_trial_01,0.25,data/cleaned/0.25g/mass_0.25g_trial_01.csv,2_second_window,2,2000.0,4000.0,132.0,1979.0,66.66666666666667,-0.5597008104770269,0.22382507031425442,-0.047763273998769444,0.053468939393939395,0.27774206256628126,0.27774206256628126,0.23557858815427002,0.24725,0.5560910606060606,1.03851,2.00218524867242,0.129010372312895,-1.0317601005799717,24.070926547065064,22.133717721324693,0.4650646615401329,0.046187122707147206,0.08122938735545301,0.8384592718244753,0.06794560606060607,0.22868964260264082,0.22868964260264082,0.19119181129476584,0.171575,0.4741056060606061,0.92292,2.0731398268192986,-0.2958557676374906,-0.9444728897410846,24.070926547065064,21.17391035875879,0.5429853699329398,0.05091606173456731,0.09660789420895642,0.8440066623604215,11.287074696969698,1.4319379796410683,1.4319379796410683,1.278337442607897,1.3282699999999998,2.733235303030302,5.255180000000001,1.9087665400951364,0.04898320672167552,-1.2715705749642483,23.569448910667873,20.14282442132178,0.6096366873705106,0.07949295499083212,0.10397255362033593,0.8054226544026208,1.3467341744223327,0.6051388658265462,0.6051388658265462,0.4913025281766726,0.41600917500451795,1.3871074653519426,2.57472621985963,2.2922134797230753,0.1720102282276294,-0.6770434817671891,18.053194910298796,15.699114038522302,0.836560017779779,0.15502657447814427,0.1996418420771918,0.6251032722777531
mass_0.25g_trial_01,0.25,data/cleaned/0.25g/mass_0.25g_trial_01.csv,2_second_window,3,4000.0,6000.0,132.0,1984.0,66.66666666666667,0.5332292906851367,-0.07129041823758747,0.04937816988985693,0.07867575757575757,0.26501103817811866,0.26501103817811866,0.22275483011937558,0.203015,0.5368342424242425,1.07295,2.0257052163367875,0.0812376960510229,-0.9332798342936677,24.010263929633453,20.696641890165935,0.41179755428705395,0.05702726499457958,0.12266202058138359,0.8136781546248846,0.06346568181818181,0.23510672829522902,0.23510672829522902,0.1949292355371901,0.17831,0.4895256818181818,0.92321,2.082142375795698,-0.37586317961257215,-0.8470825868840612,24.010263929633453,20.17853818797558,0.6725495399516734,0.0716718725965198,0.11851871508194294,0.8050156540372158,11.473947727272726,1.4728111898522245,1.4728111898522245,1.2457376446280992,1.2399300000000002,3.240892272727274,6.20726,2.20048047913898,-0.03939440328105838,-0.9797124266350878,23.510050097766086,18.80192160433772,0.7397545006606816,0.145444931225559,0.09162405225348969,0.7455646060998755,1.3290920738043308,0.7267689346349083,0.7267689346349083,0.6146179200489402,0.6232576286977162,1.9165634511699947,3.2127279999084832,2.6371015048032818,0.3345905409209381,-0.7418081347986405,18.00769794722509,16.664964725572734,0.8363785669869562,0.09411944543702291,0.2359393077049553,0.6550660881184442
mass_0.25g_trial_01,0.25,data/cleaned/0.25g/mass_0.25g_trial_01.csv,2_second_window,4,6000.0,8000.0,132.0,1981.0,66.66666666666667,-0.3201499582376739,-0.17843605414189317,0.11344737332766922,0.07141810606060606,0.2594669160469753,0.2594669160469753,0.22180177915518823,0.194605,0.6162281060606061,1.12935,2.374977571125256,0.09009521523801114,-0.8776701972828285,24.046624753211642,21.592093378647593,0.40529715716711545,0.04521546341500875,0.0801470818887664,0.869285317568632,0.025375227272727265,0.23128543065339005,0.23128543065339005,0.19466036501377412,0.164975,0.5105552272727273,0.95208,2.2074681739804776,-0.32113315737814574,-0.9152794662024091,24.046624753211642,21.85732191635358,0.503883005914561,0.05776873452132175,0.06086764993861218,0.867746652484644,11.547308560606062,1.4804900509301744,1.4804900509301744,1.3064372842056933,1.2657300000000005,3.0510014393939375,5.759919999999999,2.0608050945543535,-0.13033055124316795,-1.1855645752690531,23.5456534041864,21.25113800397788,0.5800757565512716,0.07171558802142576,0.042265963832007286,0.8733966638325537,1.3729017039870601,0.6540701285398298,0.6540701285398298,0.5421105274244109,0.4709757986771218,1.683464026290452,2.895792326139976,2.5738280236840643,0.2734740702648745,-0.6747491195081938,23.5456534041864,17.010269123414194,0.8130361622409321,0.09789741977297386,0.20268131040364365,0.6783283687280157
mass_0.25g_trial_01,0.25,data/cleaned/0.25g/mass_0.25g_trial_01.csv,2_second_window,5,8000.0,10000.0,133.0,1982.0,66.66666666666667,0.03992219154885529,0.15516571952496797,0.11624439570035389,0.07582789473684211,0.2663480707731716,0.2663480707731716,0.22047225168183615,0.19678,0.6143278947368421,1.0965799999999999,2.306485242988745,-0.02677632374875203,-0.7740246281911687,24.03587171760647,22.078455636049153,0.3366525153351929,0.018043993269747493,0.09102376712804075,0.8833804969537222,0.04615661654135338,0.22476752513033074,0.22476752513033074,0.18536592119396234,0.16953000000000001,0.5787966165413534,1.00001,2.5750900456182,-0.3908853356535749,-0.7350691279933144,24.03587171760647,22.17963563373718,0.47955428963565555,0.03730618092788573,0.06572285985667331,0.8873807493016826,11.346682706766916,1.5073703130670915,1.5073703130670915,1.2798579026513655,1.2498400000000007,3.703537293233083,6.71505,2.456952522633529,-0.037674071800403275,-0.8945494347343343,23.535124390156334,21.162479634684164,0.6006136007309307,0.07342260550922701,0.05813791054953987,0.8554109459755977,1.3545926083122333,0.747466294477314,0.747466294477314,0.6125969784697111,0.5732639721780435,2.376492909921614,3.6035646115125326,3.1793980912322484,0.5089379813062792,-0.27383865801145824,19.028398443105118,16.82565219937053,0.8359035880287838,0.11837246788321758,0.2095091102185858,0.6171279766251039
mass_0.25g_trial_02,0.25,data/cleaned/0.25g/mass_0.25g_trial_02.csv,2_second_window,1,0.0,2000.0,133.0,1990.0,66.66666666666667,0.8395717184760275,-0.03785006678081283,-0.02139113988430197,0.06277097744360903,0.38388563947911974,0.38388563947911974,0.346123765051727,0.31169,0.7102190225563909,1.31567,1.8500796839393652,0.2507705464132901,-1.3713994629005812,17.45569955046519,17.22119018889607,0.500459791594511,0.02324626970381641,0.07117132977907517,0.8926424778781381,0.0002213533834586426,0.40688277674312834,0.40688277674312834,0.3394648753462604,0.2449,0.9751986466165413,1.60195,2.3967557792012415,0.7174421295197535,-0.5918655654437819,17.45569955046519,17.253239957823702,0.5152101817863786,0.05130490582827545,0.0762299646140245,0.8269286740158821,11.396846842105266,1.3280113420168391,1.3280113420168391,1.1505057617728531,0.9381900000000005,3.073393157894735,5.640700000000001,2.3142823111941198,0.49386374863912125,-0.954020742368328,17.954433823335624,18.139875785270785,0.3229601014593039,0.023519707715313483,0.03840674385179257,0.8965639513820861,1.298098630140327,0.6256803090729836,0.6256803090729836,0.509197103273865,0.4517412999566066,1.842418528996172,2.9811998842258998,2.9446643953458027,0.5263941973699645,0.08300143906198976,30.422790645096473,22.042784881991036,0.7934833954282035,0.07263573285346157,0.22526861568880135,0.2647236025768104
mass_0.25g_trial_02,0.25,data/cleaned/0.25g/mass_0.25g_trial_02.csv,2_second_window,2,2000.0,4000.0,133.0,1993.0,66.66666666666667,0.6743598838914378,0.24845766298903238,0.21931709598703097,0.08755323308270677,0.37758306626708305,0.37758306626708305,0.34100339872236984,0.32627999999999996,0.6877867669172932,1.29818,1.8215508807558332,0.1938912310515689,-1.3759133902366494,17.429424036717034,16.484989286242524,0.5252460585334142,0.06072397405419711,0.07154891811867124,0.8634519774786495,-0.0018106015037593994,0.3947034067999513,0.3947034067999513,0.33359595002543957,0.22110000000000002,0.8880206015037595,1.54394,2.2498427583976683,0.6372031740949223,-0.7697629692287009,17.429424036717034,17.574061965818686,0.527034588105109,0.03128786950995439,0.06939678225795999,0.8559423341461433,11.49395105263158,1.3068862642445487,1.3068862642445487,1.131372180451128,0.9133700000000005,2.85091894736842,5.25774,2.181459110381274,0.4383166070609546,-1.0092813653573838,17.927407580623235,17.184342438085594,0.40270379628244696,0.048989217063446194,0.06865747592379101,0.8684545843067388,1.2919040179548895,0.5807714415621904,0.5807714415621904,0.47331333075514176,0.43714587721074727,1.5626145777731242,2.5234302006360774,2.690584395076175,0.5113057674661586,-0.39484058741075145,17.927407580623235,19.12544093138675,0.8500055153914782,0.1475439010689198,0.1901550728340086,0.5076340626187599
mass_0.25g_trial_02,0.25,data/cleaned/0.25g/mass_0.25g_trial_02.csv,2_second_window,3,4000.0,6000.0,131.0,1975.0,66.66666666666667,0.3917291629214449,-0.1722188672783079,0.11442130227470909,0.05845175572519084,0.37304102366239206,0.37304102366239206,0.3342166587028728,0.32923,0.6849582442748092,1.25738,1.836147235363334,0.24549952420126897,-1.374791682198302,17.586240216386106,17.34719600238529,0.32534028188517955,0.013935915617615471,0.04570860143529196,0.9244970219754418,0.006625877862595418,0.36584446034022977,0.36584446034022977,0.30843707592797626,0.24357,0.7922241221374046,1.49556,2.165467044111173,0.3968000251892069,-0.8176433854587688,17.586240216386106,17.091933276636745,0.3196790150299706,0.028553944410697515,0.0720401043643341,0.8722919280611999,11.489657251908397,1.3165553311270917,1.3165553311270917,1.1309196701823905,0.867090000000001,3.1122527480916027,5.605080000000001,2.3639361555941822,0.429465185913087,-0.8760181377557119,18.088704222568566,17.645491709609683,0.3537001666379723,0.04176106624016653,0.05398234650425026,0.8950982896795384,1.2812791146427394,0.6038572221942887,0.6038572221942887,0.4934377067326337,0.4253104796927448,1.862810099368283,2.9314539797074826,3.0848519002542147,0.6552661465975489,-0.24978789617143038,29.64537636476515,17.535717238932513,0.8440069519451553,0.14154119861361014,0.2675602991754984,0.5250842779204329
mass_0.25g_trial_02,0.25,data/cleaned/0.25g/mass_0.25g_trial_02.csv,2_second_window,4,6000.0,8000.0,134.0,1992.0,66.66666666666667,0.06018857226513539,-0.1587511300349348,-0.14593648500917267,0.05860641791044777,0.38667377731916747,0.38667377731916747,0.3470391779906438,0.33182999999999996,0.7201435820895523,1.3936700000000002,1.8624060495706511,0.19959317922999653,-1.3272093776656186,17.43915962354734,17.05369458450526,0.4928231319290621,0.02083985214419609,0.07446024691647045,0.8965904518123171,-0.001326865671641787,0.3947049236812681,0.3947049236812681,0.33243617732234354,0.25844,0.9130768656716417,1.49683,2.313315114378885,0.6126771605821558,-0.7426455702259025,17.43915962354734,17.049805901084028,0.5206918386722612,0.03425431879788531,0.10997804016848113,0.8198997324459861,11.40513514925373,1.3400121207870923,1.3400121207870923,1.1297535252840276,0.9207649999999994,3.2241348507462693,5.41769,2.406049020551013,0.4206384591938201,-0.8132861551657435,17.937421327077264,17.256835720378163,0.38963745745652983,0.04459266061806823,0.07318956909940949,0.8623005081294742,1.311558105619383,0.6170546218001494,0.6170546218001494,0.5081755768255422,0.4422821163160447,1.9722116651664414,2.843087309765803,3.19617031538125,0.7160748476773995,-0.23758430530635177,30.89222561885529,18.21877312156871,0.863458842031925,0.1849302104264976,0.2610865836596585,0.3247716553049709
mass_0.25g_trial_02,0.25,data/cleaned/0.25g/mass_0.25g_trial_02.csv,2_second_window,5,8000.0,10000.0,133.0,1992.0,66.66666666666667,-0.35479062830308206,0.3035197542438719,-0.1486717622803918,0.09002218045112782,0.37785791013705183,0.37785791013705183,0.3376281598733676,0.3233,0.6903278195488721,1.3443800000000001,1.8269508220655886,0.21559906950986224,-1.305875350952451,17.438173747532833,17.209619767848896,0.5299258791583259,0.023268278645475583,0.08528382478216129,0.8764223757714529,-0.0020634586466165413,0.38456078124758386,0.38456078124758386,0.32913959862061165,0.27464,0.9057334586466165,1.5749499999999999,2.355241363168276,0.5080346871898829,-0.8155930016963029,17.438173747532833,17.583521057689605,0.5060476041433482,0.022561536989876507,0.07512423143015552,0.8695676839180194,11.542029624060149,1.2953258455823744,1.2953258455823744,1.0930802996212334,0.7665100000000002,2.861060375939852,5.633600000000001,2.208757268062947,0.5214289540016825,-0.8160589764344284,17.936407283176628,17.52460376749338,0.36953945811629174,0.04714379740217851,0.048246460202901166,0.8713933750878405,1.2676456255121389,0.601337849366331,0.601337849366331,0.4934502264416405,0.3667333465456619,1.6896422435132186,2.72910284416232,2.8098052455765177,0.6753513272020404,-0.29628786942200236,30.392245674271507,17.934243244700646,0.8785457458922108,0.13652240247566239,0.3231854232667941,0.3323410510724927
mass_0.25g_trial_03,0.25,data/cleaned/0.25g/mass_0.25g_trial_03.csv,2_second_window,1,0.0,2000.0,135.0,1993.0,66.66666666666667,-0.03731527164951788,-0.1852360947584271,-0.7899120260292763,0.03653659259259259,0.3333250465040215,0.3333250465040215,0.2867018567901235,0.27766,0.6306865925925925,1.2432699999999999,1.8921068164764612,-0.12118684843880866,-1.122961284112855,28.388247756042368,24.18512949058527,0.5259650792732179,0.045834025243853195,0.14850279415624515,0.7932233454547272,-0.008281407407407407,0.3143894547005483,0.3143894547005483,0.2763358551440329,0.23598999999999998,0.6937714074074075,1.28335,2.206726075046682,0.31697874879893156,-1.062001472502949,27.890208321725837,22.771979290906422,0.5021925077145408,0.07258900380760137,0.17948375048997486,0.7268864156073307,11.53867325925926,1.2544606628660246,1.2544606628660246,1.0505627456790123,0.9720999999999993,2.7297167407407397,5.2348,2.176008241266208,-0.12394239652687307,-0.8614884434764352,27.890208321725837,23.136879822645227,0.527021893740431,0.09835998687308597,0.1178462152576046,0.760018981268246,1.1779225967552278,0.6293776502113048,0.6293776502113048,0.5354645252837119,0.46400599461684955,1.5791983940010088,2.5905172508429235,2.509142791249125,0.463056009537745,-0.7754537774055175,11.454906989280255,14.374276015258591,0.8488199912571514,0.09124493562369868,0.6084256333396877,0.2752979533815982
mass_0.25g_trial_03,0.25,data/cleaned/0.25g/mass_0.25g_trial_03.csv,2_second_window,2,2000.0,4000.0,132.0,1988.0,66.66666666666667,-0.24729615634680904,0.3627415444728515,-0.47806829742618134,0.06013204545454546,0.3112147297911812,0.3112147297911812,0.25850555785123963,0.248935,0.6640720454545455,1.2059199999999999,2.1338066032418337,-0.25167987110307616,-0.8928282653500332,28.454819827872953,23.846067669253237,0.5581224596655038,0.054967343918794626,0.1574892746738478,0.7418290878874336,0.011388030303030303,0.33351598999975135,0.33351598999975135,0.2941820638200184,0.26898500000000003,0.6901319696969698,1.2454100000000001,2.0692620155857724,0.32137836390017893,-1.1750752420346455,27.95561246247167,23.551546397511963,0.39930863127278465,0.08452214727959567,0.11396706723826652,0.7857827253366542,11.451165378787877,1.204816168847879,1.204816168847879,1.0468447497704316,1.0528050000000002,2.8295653787878763,4.84141,2.3485453233032927,-0.25416856525564124,-1.126654375245632,27.95561246247167,24.402875291815974,0.40498973534542654,0.04021881691900715,0.1345168117297017,0.8109456874142124,1.1745413463139989,0.5292656706614287,0.5292656706614287,0.4428114723277369,0.40255277887227664,1.668242135736437,2.6161459524266664,3.1519938439453625,0.27231440816310276,-0.4817690730388704,9.984147308025598,14.591603352599641,0.7610003683209914,0.1109477951327861,0.5324669395972143,0.3146413437132579
mass_0.25g_trial_03,0.25,data/cleaned/0.25g/mass_0.25g_trial_03.csv,2_second_window,3,4000.0,6000.0,133.0,1986.0,66.66666666666667,-0.235335244176006,-0.4489053251406756,0.3426274167986121,0.06530323308270677,0.3327534762420992,0.3327534762420992,0.2787303827237266,0.2606,0.7269832330827068,1.3582200000000002,2.184750227984938,-0.2061309626872779,-0.9672893487543357,28.485110055939227,23.26469095718124,0.6427440824356542,0.05532904036905295,0.1801883964018627,0.7272221328535144,0.023288721804511282,0.31232064675601506,0.31232064675601506,0.2738198190966138,0.26027,0.6891212781954887,1.29342,2.2064544414632645,0.2759096388011916,-1.073187485246861,27.985371283028012,23.151025688802456,0.5128511322924819,0.10283427636738005,0.11602762468902643,0.7267858315965666,11.445674812030076,1.251575566410391,1.251575566410391,1.0658738877268357,1.0559400000000014,2.617674812030076,5.163780000000001,2.0915036073592876,-0.17906633701096963,-1.016889210836804,27.985371283028012,23.46011900022868,0.5328584097324092,0.07520411364550841,0.1320801493385074,0.7530234028225671,1.2006269289044191,0.577239498272884,0.577239498272884,0.4845922629589494,0.479850177773677,1.4869539122543765,2.578276613100901,2.5759739531050494,0.3547766168849057,-0.595425043880029,10.494514231135504,14.32007097879033,0.8816213650625199,0.1571131036334676,0.49128535363007175,0.30304462390663645
mass_0.25g_trial_03,0.25,data/cleaned/0.25g/mass_0.25g_trial_03.csv,2_second_window,4,6000.0,8000.0,133.0,1986.0,66.66666666666667,0.23998848637470221,0.385499049387011,0.7265734910589288,0.03071233082706767,0.3199271400110029,0.3199271400110029,0.27299597263836284,0.27758,0.6218023308270677,1.21739,1.9435748114576423,-0.17432314480080846,-1.084047465066159,28.485110055939227,20.5341577197477,0.7276277859100239,0.10987356238394774,0.2246153990367998,0.6470781147366088,0.02773157894736842,0.28951256600006675,0.28951256600006675,0.2583740641076375,0.25012,0.5867684210526316,1.14716,2.026745951512503,0.24196469338139462,-1.2755870231747324,27.985371283028012,20.812718854278792,0.6136639847149685,0.13333233057983462,0.20412924524689277,0.6242280786824334,11.424645488721806,1.1960149240597433,1.1960149240597433,1.011521508281983,0.9614499999999992,2.4915454887218065,4.63616,2.0832060190892308,-0.21830938301625571,-0.9884042547125045,27.985371283028012,21.890867468195378,0.5698276048863958,0.09448504293322733,0.19449699086007977,0.6503220384486289,1.135415392618449,0.5722363895858856,0.5722363895858856,0.47926318508409754,0.4295961656890277,1.3865049094933117,2.368738355992124,2.4229582996228074,0.3758045117788187,-0.7851039100056689,10.494514231135504,12.437524938174215,0.8120282639133576,0.09780587133013081,0.667162213918107,0.21422188976946693
mass_0.25g_trial_03,0.25,data/cleaned/0.25g/mass_0.25g_trial_03.csv,2_second_window,5,8000.0,10000.0,132.0,1986.0,66.66666666666667,0.06237522707741037,-0.15764935126607352,0.5432701530114677,0.03415053030303031,0.3244949912120193,0.3244949912120193,0.2692629304407713,0.27011,0.6478205303030303,1.21984,1.996396085755776,-0.18091772789494243,-0.9494169761391968,28.48347523587005,22.905139559118957,0.6969894511057285,0.06021105675113178,0.18918884991895107,0.7169107851111448,0.044817575757575764,0.3072055085007656,0.3072055085007656,0.2728791368227732,0.25038,0.6389424242424243,1.11844,2.0798534094021037,0.27547319769163137,-1.2681282976906672,27.983765144012683,23.68873774355787,0.5534285744817975,0.05797447946380945,0.14503539328597287,0.7645755002322254,11.53415393939394,1.2866766051424285,1.2866766051424285,1.069193553719008,0.9251249999999995,2.8108239393939396,5.35225,2.1845613172416356,-0.29334867035551876,-0.732372783099565,27.983765144012683,22.231743029837904,0.5629412385489054,0.0880598622843151,0.18397993092538062,0.7102139825138023,1.1958807848818656,0.651980105790108,0.651980105790108,0.5535989963537065,0.450011785992824,1.6481919572765245,2.6805204493194053,2.527978910152708,0.6254593341149307,-0.5700312020345648,8.994781653432648,14.235585171877828,0.8224818286594129,0.08827460938654708,0.562750469924216,0.3005528945002028
mass_0.25g_trial_04,0.25,data/cleaned/0.25g/mass_0.25g_trial_04.csv,2_second_window,1,0.0,2000.0,133.0,1994.0,66.66666666666667,-0.34019409864694033,0.5734099446538562,-0.36434520980229707,0.09245052631578947,0.4241972481544738,0.4241972481544738,0.361146015037594,0.34841,0.9860605263157894,1.74986,2.3245330576890257,-0.29517688043273826,-0.8651300019684207,18.416150707765272,16.98055494322904,0.6483552212379196,0.07702032627074094,0.11127246274674907,0.7950683571509423,0.013416090225563912,0.32825800463319443,0.32825800463319443,0.2800075945502855,0.18748,0.6789939097744361,1.27552,2.0684763210364503,0.5047541585707754,-0.8605541640232937,18.91388451067785,17.667054557355357,0.5069015760532471,0.0520361940331007,0.10087411465436907,0.8407618235621556,11.360152932330829,1.5480396358168038,1.5480396358168038,1.3213994233704567,0.9179700000000004,3.5447070676691705,5.662619999999999,2.2898038174577167,0.7024407532529748,-0.7516894089271857,18.416150707765272,18.219572443112437,0.37433298622569516,0.04340922502995975,0.05011626343853889,0.8882405705508477,1.4633805456463853,0.7366415109339859,0.7366415109339859,0.5773653370499549,0.4043169358204852,2.156046727109521,3.2918325572055913,2.9268602096233685,0.8105129995273274,0.33428363913003345,18.416150707765272,20.11690771622424,0.8223484936205472,0.053260215664044784,0.29954833350726967,0.5280874331348466
mass_0.25g_trial_04,0.25,data/cleaned/0.25g/mass_0.25g_trial_04.csv,2_second_window,2,2000.0,4000.0,131.0,1976.0,66.66666666666667,0.5657597199209142,0.2022305009962253,0.24173231186923808,0.13818687022900764,0.4189298448474935,0.4189298448474935,0.3553469424858692,0.31970999999999994,1.0351168702290077,1.7472699999999999,2.4708596987302966,-0.4658688917849215,-0.7446129856550954,18.581759742807694,17.711680662404294,0.36010218424391577,0.037798348946402154,0.09200465122021724,0.8466508372077713,-0.0007723664122137425,0.32550943766253104,0.32550943766253104,0.2751051488840977,0.2289,0.7059323664122138,1.20011,2.1687001503903636,0.4518606011803639,-0.9631325129015194,18.581759742807694,17.621078413106208,0.5943538487417992,0.03932145823626669,0.11082441917247624,0.8337886762599152,11.558852290076336,1.5117488431268995,1.5117488431268995,1.2701005197832296,1.018460000000001,3.733557709923664,6.05616,2.4696944382647437,0.6510799484537533,-0.5712264591513692,18.581759742807694,17.76956118493018,0.4732405226265607,0.054123569879480006,0.08999584240458798,0.8376073118741225,1.4228343133877603,0.7364683905322901,0.7364683905322901,0.5883771367225527,0.45151644657371304,2.3363533263341774,3.528720231696723,3.1723742069168157,0.943975484161622,0.681501489249436,18.581759742807694,18.21539634633471,0.8457246500796542,0.07390106950801788,0.29797228142176335,0.5565479465723415
mass_0.25g_trial_04,0.25,data/cleaned/0.25g/mass_0.25g_trial_04.csv,2_second_window,3,4000.0,6000.0,132.0,1991.0,66.66666666666667,0.4045660841210343,-0.7040188348369638,-0.15740746681396517,0.10747068181818183,0.4437717938279341,0.4437717938279341,0.3830498415977962,0.343095,0.9975306818181818,1.78626,2.2478460679386028,-0.2598311976550333,-1.0020000719192634,18.44284127055353,17.668645625994593,0.582963148649403,0.042161846036139115,0.08956607148194472,0.860794694580131,0.005301136363636365,0.32989636647913073,0.32989636647913073,0.29215541666666667,0.23499,0.7483788636363636,1.20054,2.2685271487635683,0.5111482062458943,-1.0897710833609877,18.941296440027948,18.572514425826547,0.5597851046676326,0.035457571329957416,0.07778352486260173,0.8673985534185522,11.749552575757576,1.4970221628952012,1.4970221628952012,1.2973203558310378,0.9898849999999992,3.543097424242424,6.0245,2.3667635069544777,0.5590791682083998,-0.8715499679031202,18.44284127055353,18.264140046645657,0.346443497401831,0.04158130784157812,0.06236955612179678,0.8808453401208031,1.4361304998183924,0.6959666380683746,0.6959666380683746,0.5560322634032916,0.43894174868007985,2.1560410402180494,3.3564645611585897,3.0979086098179196,0.7412035617136282,0.036677487773532746,18.44284127055353,18.142205635103693,0.7915024814949146,0.08157343613465938,0.2715027627748926,0.6111430432882404
mass_0.25g_trial_04,0.25,data/cleaned/0.25g/mass_0.25g_trial_04.csv,2_second_window,4,6000.0,8000.0,134.0,1982.0,66.66666666666667,-0.6602513483803217,0.22049909115308497,0.06049569300000904,0.11119194029850747,0.4345121442293672,0.4345121442293672,0.3716955892180887,0.32433,1.0008719402985076,1.8,2.3034383586070137,-0.18290430617164496,-1.0058340225799738,18.528698585811632,17.13103297633357,0.46222223389204076,0.05233945527001432,0.1048501278139187,0.8289050788000777,0.019289552238805966,0.3250711852026464,0.3250711852026464,0.2745311338828247,0.226695,0.685260447761194,1.25751,2.108031960242828,0.5023591989022389,-0.8720814044823109,18.528698585811632,17.797632758109827,0.626971728923892,0.046518795628062756,0.10620416952581106,0.8246363722057165,11.62776208955224,1.548819848126585,1.548819848126585,1.301577451548229,0.9231099999999994,4.15849791044776,6.341380000000001,2.6849461643184513,0.7831228863919892,-0.5178371254534637,18.528698585811632,18.124666674478643,0.34396956006573154,0.028288683056225776,0.09950531391336216,0.8226051055236085,1.4565738360525688,0.7561135238903064,0.7561135238903064,0.5849734700648431,0.38970449115948225,2.7150650665249154,3.992856949914796,3.5908166971482514,1.0398626756079572,0.8548708168242949,18.528698585811632,16.984476912310594,0.8312410525822737,0.07903634480804198,0.3842499420412486,0.38771757520453587
mass_0.25g_trial_04,0.25,data/cleaned/0.25g/mass_0.25g_trial_04.csv,2_second_window,5,8000.0,10000.0,133.0,1992.0,66.66666666666667,-0.2798610946570125,0.4875850980683359,0.13573087475801784,0.10599037593984964,0.44120237161068876,0.44120237161068876,0.3782735440104019,0.30855999999999995,1.0170303759398496,1.99653,2.305133520082852,-0.35540414279783605,-0.7775146804433062,18.434640818820423,17.188644055808496,0.5806936983302535,0.05885909773206803,0.10599193525037515,0.8265409582820397,-0.006426842105263154,0.3148471446492521,0.3148471446492521,0.26672129798179656,0.24166,0.6737568421052631,1.20265,2.139949030999934,0.42003803801749745,-0.9194818132668057,18.932874354464218,17.90332082017864,0.5684942279093941,0.04251060713567451,0.09976426307634206,0.8505385610417145,11.45799082706767,1.551693630265357,1.551693630265357,1.3196949177454917,1.1050899999999988,3.5992691729323294,6.053789999999999,2.3195746265432655,0.5194460438221953,-0.8934602407564358,18.434640818820423,17.488254747982232,0.36648456431407284,0.08876464298573047,0.049517620806647324,0.8290910372025514,1.4700748079338062,0.7351336194823017,0.7351336194823017,0.5996967825482729,0.5171892688493909,2.1539242794439133,3.3290294622697076,2.929976568015971,0.5159133188241012,-0.25684378406415487,18.434640818820423,19.3139098899801,0.8135727328748013,0.06400079025365175,0.23788685101522927,0.635887081584749
mass_0.25g_trial_05,0.25,data/cleaned/0.25g/mass_0.25g_trial_05.csv,2_second_window,1,0.0,2000.0,134.0,1998.0,66.66666666666667,-0.5560957250296129,-0.5541066322547098,0.08895227802659851,-0.008095597014925371,0.23566373013102898,0.23566373013102898,0.20778843840498998,0.17404999999999998,0.5187644029850746,1.00499,2.201290808291296,-0.17309600401170291,-1.1004723916447292,22.3544439963032,19.813078409287314,0.37391777520411346,0.06671587223194966,0.10698747623316923,0.8162175050368202,0.04363089552238806,0.28959343292489886,0.28959343292489886,0.2569537603029628,0.22749,0.5910208955223881,1.09003,2.04086428878261,-0.29825980553818815,-1.1974594028924455,22.3544439963032,21.224702089553006,0.3387565444215102,0.027831296407824717,0.048826279521643895,0.9209552332294297,11.494822611940299,1.2713199955487147,1.2713199955487147,1.0855007885943417,1.0966699999999996,2.582207388059702,4.760350000000001,2.031123082387448,0.286661583539152,-1.0730408268429,22.3544439963032,20.842250616922417,0.3637065321874867,0.05155043514790697,0.0322596070084728,0.9145365450320441,1.1956197012120875,0.5710952733546316,0.5710952733546316,0.4850792375006686,0.43332461300039,1.404413545512803,2.289496743058897,2.459158061777037,0.388173881656103,-0.819583424357587,22.3544439963032,16.44996540021902,0.7432495043869782,0.23435134586514975,0.08399191519252208,0.6638381907860018
mass_0.25g_trial_05,0.25,data/cleaned/0.25g/mass_0.25g_trial_05.csv,2_second_window,2,2000.0,4000.0,134.0,1977.0,66.66666666666667,0.11757273635575059,0.5622782834802752,0.4686505646288811,0.0005203731343283604,0.2592347280448506,0.2592347280448506,0.22566810648251281,0.22231499999999998,0.5520303731343283,1.03995,2.1294615011566687,-0.1905133347045471,-1.0918811009236384,22.089854218943827,19.483864525868775,0.5184998926196921,0.07520099608804408,0.09581871850584302,0.8182452439312131,0.05680888059701493,0.27055489181966924,0.27055489181966924,0.23876954332813544,0.23469,0.528068880597015,1.03465,1.9517994187626238,0.09120691382798159,-1.2705587082413887,22.59189636028346,21.47673830635864,0.374477283840664,0.038923731372678794,0.03127816755342185,0.9130726124816622,11.413472313432838,1.1009994449779086,1.1009994449779086,0.9494620260637113,0.9375550000000006,2.496217686567162,4.42892,2.2672288328149413,0.02047450636155408,-1.0301588160159647,22.59189636028346,20.999279975692758,0.47638755339020444,0.07072428359221282,0.026652260778309827,0.8775132233517735,1.0519614079172033,0.49596327263877016,0.49596327263877016,0.4085937611465509,0.38072109595639425,1.4552741058930192,2.308930219044508,2.9342376465705624,0.4706970538815795,-0.4726525072601375,22.089854218943827,16.32577024456232,0.8404990796046915,0.2140238085639236,0.1555724296915874,0.604537605277058
mass_0.25g_trial_05,0.25,data/cleaned/0.25g/mass_0.25g_trial_05.csv,2_second_window,3,4000.0,6000.0,133.0,1980.0,66.66666666666667,0.33771338447502763,-0.256357370681908,0.4425786860602572,0.03549902255639098,0.2768528451225092,0.2768528451225092,0.24284308666402848,0.2293,0.592729022556391,1.05969,2.140953336759478,-0.33715645343355305,-1.0921121728694718,22.055137844464433,19.92261598776226,0.6047898031699331,0.07635562074723765,0.0703273265322114,0.841611383726831,0.06080736842105263,0.3133353868332573,0.3133353868332573,0.2711646616541353,0.24689,0.6147673684210526,1.1411799999999999,1.962010657762711,-0.3858323178132278,-1.1333729339866496,22.55639097729317,20.792155359793146,0.43711820542699287,0.054081172791977355,0.04233363076609901,0.8993755394038941,11.416472330827068,1.3588284584835544,1.3588284584835544,1.1466562880886426,1.1594499999999996,2.687697669172932,4.919359999999999,1.9779521487004983,0.2812426152761578,-1.0783717266065755,22.55639097729317,20.28197600905915,0.46581023761004603,0.07110611679246526,0.05577379083373564,0.8629117654964005,1.2767406076014685,0.6254396557467401,0.6254396557467401,0.5351162843735849,0.5508719478384446,1.4338842362623887,2.491583080558409,2.2926020489545245,0.22254151535891717,-0.9723335400134978,22.55639097729317,18.378957628708157,0.7212011612492413,0.12579477746193088,0.10452085171204273,0.7436498009050778
mass_0.25g_trial_05,0.25,data/cleaned/0.25g/mass_0.25g_trial_05.csv,2_second_window,4,6000.0,8000.0,132.0,1979.0,66.66666666666667,-0.5941527379700047,-0.4651975079465838,0.7181655395777736,0.03191462121212121,0.2647105990007604,0.2647105990007604,0.23385176538108357,0.21592,0.5854046212121212,1.10314,2.211489163720413,-0.20572702707405066,-1.0881946589518665,22.065016001476305,19.45078665608963,0.563622313698369,0.09706938521427895,0.0764881462730554,0.8157065854167025,0.05242265151515151,0.2929224715607223,0.2929224715607223,0.2527009538567493,0.25053000000000003,0.6370126515151515,1.1442700000000001,2.1746800377624833,-0.17919705971483454,-1.0432891910544624,22.566493637873496,21.280186768711374,0.41548711418019085,0.04937460384483432,0.03930186134187337,0.891996923421258,11.64931893939394,1.330278419327196,1.330278419327196,1.1233904384756657,1.1233749999999993,2.5815610606060613,4.88466,1.9406171092452333,0.06950571873425665,-1.1028353155395079,22.566493637873496,21.448932163565445,0.5043759812449937,0.029700855057606567,0.03748184449100117,0.9187652207932696,1.2248387662508418,0.6521395135899698,0.6521395135899698,0.5756875040683228,0.6226537310566418,1.4399497155730596,2.490068770157866,2.2080393620780083,0.11942123467485903,-1.190054013765237,22.566493637873496,17.993637354436437,0.7361439384809743,0.16423913293549378,0.06994315659597523,0.7458390741893727
mass_0.25g_trial_05,0.25,data/cleaned/0.25g/mass_0.25g_trial_05.csv,2_second_window,5,8000.0,10000.0,132.0,1987.0,66.66666666666667,0.6866905863952403,0.6744253580524412,0.7959410130714116,0.03272287878787879,0.26729466160120086,0.26729466160120086,0.23255939164370984,0.21555,0.6055828787878789,1.11609,2.2656003496672836,-0.2490365480018901,-1.0873243659626128,22.475637095812985,19.781528746874923,0.5572073691614899,0.10294138993918062,0.06042926848887188,0.8172803611220644,0.013896060606060604,0.28967542868349405,0.28967542868349405,0.2535190266299357,0.246815,0.5770960606060607,1.04989,1.9922161269556933,-0.3242596849118816,-1.1439507440729162,22.475637095812985,20.968172181982816,0.22200990759611777,0.05135593318943813,0.03380438746301152,0.90947163271072,11.444642272727272,1.2915013187586921,1.2915013187586921,1.090536466942149,1.1500999999999992,2.4243677272727275,4.751819999999999,1.8771701523331572,0.14954067984497083,-1.0814349340040215,22.475637095812985,20.47389818383089,0.34411780692151134,0.06407422655333735,0.05504690071885685,0.8752416639748786,1.1819264109321952,0.6529807850157978,0.6529807850157978,0.5680484435864641,0.5820082363698927,1.304131854025675,2.3253384159021717,1.9971979022233,0.08523912339138312,-1.1960869954827023,20.977261289425453,18.266652869860785,0.6719457019109708,0.12778973585897332,0.1277990052848211,0.7197728742497703
mass_0.25g_trial_06,0.25,data/cleaned/0.25g/mass_0.25g_trial_06.csv,2_second_window,1,0.0,2000.0,132.0,1990.0,66.66666666666667,-0.4290689479131718,-0.7213585575742814,0.2103589101173476,0.09473553030303031,0.33505307934830175,0.33505307934830175,0.279368305785124,0.256555,0.7313544696969697,1.34313,2.182801814922871,0.35132328775999183,-0.8828630132415243,17.953403380491796,17.978391875985576,0.5463739189343736,0.028423173163960588,0.08033021910716857,0.8357577589752923,0.0008475757575757591,0.3518611696547229,0.3518611696547229,0.3148414370982553,0.31821,0.7208975757575757,1.34775,2.0488125372429806,-0.11258378511766716,-1.2989408582325628,17.953403380491796,16.383127364491482,0.5236879740738257,0.058765684264856725,0.10371399317122089,0.8344084064405192,11.48423984848485,1.5154601747234087,1.5154601747234087,1.2675807874196507,1.033265000000001,3.7221698484848496,5.891730000000001,2.456131748341189,-0.6782187149373643,-0.6319499381832361,17.953403380491796,17.56176190116849,0.4233809032408202,0.027796916503971304,0.09746333524399359,0.8454281685892101,1.3973901709159704,0.761568841334589,0.761568841334589,0.6125930239387675,0.5197614386347277,2.37056022421328,3.5047557733414956,3.1127326848864527,0.8378607113624614,0.34505133059456883,17.953403380491796,17.4501851709615,0.8904885760017167,0.16862113863752418,0.2706066604072092,0.4041554928347629
mass_0.25g_trial_06,0.25,data/cleaned/0.25g/mass_0.25g_trial_06.csv,2_second_window,2,2000.0,4000.0,132.0,1986.0,66.66666666666667,-0.4178601666819111,0.25537950265168874,-0.6934555666911523,0.08930757575757575,0.3563566512194847,0.3563566512194847,0.2969453076216712,0.28228,0.7951324242424243,1.42174,2.23128268132897,0.26613632750247945,-0.9024782689620245,17.989563306865296,18.300384111606295,0.5123812206814802,0.02463390308302749,0.04547783992787084,0.8667522637136312,-0.001570909090909091,0.323497341323098,0.323497341323098,0.2832790220385675,0.283645,0.7416590909090909,1.33652,2.2926280873769143,-0.20715897758190924,-1.117580818113637,17.989563306865296,16.176894946695178,0.5474583889004304,0.05469323926951565,0.13529936452556515,0.8011761695073245,11.546539393939394,1.2851156522886213,1.2851156522886213,1.0651505739210285,0.7750500000000002,3.5251993939393937,5.88636,2.7430989480685875,-0.7079154054183667,-0.40707066311337137,17.989563306865296,17.34356621721073,0.5147766062965692,0.07296721275245305,0.08659471988026854,0.8058859744034189,1.2096157224599533,0.6480683887109229,0.6480683887109229,0.5135379752640808,0.3415452250356528,2.347315931761707,3.2196294642650956,3.622018868148728,1.1062488405105748,0.7977748053168745,29.98260551144216,18.3183300465684,0.8858867198962191,0.10960387319622637,0.26981710564685235,0.5151392728324125
mass_0.25g_trial_06,0.25,data/cleaned/0.25g/mass_0.25g_trial_06.csv,2_second_window,3,4000.0,6000.0,132.0,1992.0,66.66666666666667,-0.5098027083267349,0.6521055857380272,-0.3504971068160771,0.06796628787878789,0.3478439288727696,0.3478439288727696,0.29370469926538106,0.28157,0.7127837121212122,1.34495,2.0491480602552823,0.28522436900047243,-0.974972666207623,17.935377875159773,18.251395917621863,0.5116727305432437,0.029639218097495867,0.044369050487965404,0.8686798310535848,0.027798181818181812,0.35487515735011654,0.35487515735011654,0.31128399449035815,0.29823500000000003,0.6244018181818182,1.22728,1.759497122436748,-0.03862387088041827,-1.2586436100121565,17.935377875159773,16.59200122920488,0.5082362428884831,0.05193597248591211,0.09841328630487804,0.8359485509364234,11.413208787878789,1.4257973161559894,1.4257973161559894,1.194931639118457,0.8190300000000006,3.3796287878787883,5.612399999999999,2.3703430702131016,-0.7409575777862187,-0.5027506378700783,17.935377875159773,18.05298697297374,0.35462490475557124,0.034937473187559805,0.050746829453260485,0.8944657049570642,1.329167249401401,0.7163408309137832,0.7163408309137832,0.5609174036158034,0.39968981952204247,2.1013158248284736,3.131075704623488,2.933402277443797,0.9784796771471707,0.4078224800878889,29.892296458599624,18.57018537363252,0.8126812421145796,0.1407833221877265,0.2761604796210266,0.45683016206246546
mass_0.25g_trial_06,0.25,data/cleaned/0.25g/mass_0.25g_trial_06.csv,2_second_window,4,6000.0,8000.0,131.0,1976.0,66.66666666666667,-0.558467908697658,-0.17663052712567162,0.6716334686897151,0.08771519083969463,0.32385950107361466,0.32385950107361466,0.27266179243633826,0.26316,0.7194148091603054,1.3660299999999999,2.2213793536252604,0.2994240227991525,-0.9029099872611162,17.577340297250522,17.39574721585382,0.5111899156023216,0.034130611254385906,0.08177102709999164,0.849095139356657,0.03415870229007634,0.33596645166575906,0.33596645166575906,0.2954272816269448,0.27125000000000005,0.7198487022900764,1.42001,2.1426207846675953,-0.07860883480641512,-1.1195583284614543,17.577340297250522,15.815096685439451,0.5188289043729193,0.058333688680583556,0.147048863321217,0.7918604502460027,11.470391068702291,1.4741490683357614,1.4741490683357614,1.260035881358895,0.8203899999999997,3.588551068702291,6.00769,2.4343203450608835,-0.7392103496732089,-0.6697847819529681,18.079550020029107,17.24852246271946,0.6198211640832622,0.06504228427477977,0.09719264909723765,0.7757087162662246,1.3794678538326002,0.6985287030596564,0.6985287030596564,0.5461837941113946,0.44782563562606537,2.2407035394058665,3.3785538194848894,3.2077472687826027,0.9765627666558623,0.6121940414598521,0.5022097227785863,16.343561539134537,0.8219218265521097,0.21380291039623914,0.17788468469013102,0.4273835327727139
mass_0.25g_trial_06,0.25,data/cleaned/0.25g/mass_0.25g_trial_06.csv,2_second_window,5,8000.0,10000.0,133.0,1990.0,66.66666666666667,-0.6101590524346878,-0.7491687952180833,0.44050870367854345,0.11344353383458645,0.351129386090418,0.351129386090418,0.29612140200124376,0.27538,0.6877264661654136,1.29289,1.958612675010686,0.18279162249573083,-1.0530636938373519,17.954433823335624,17.452150057983552,0.5607274093856786,0.045479943730817186,0.08327751199183313,0.8217204535079035,-0.00433157894736842,0.3429317157787839,0.3429317157787839,0.3087285555995251,0.28442999999999996,0.6657684210526316,1.2677399999999999,1.9414022979493124,-0.17344915514378628,-1.2322846657817177,17.954433823335624,16.074341753028115,0.5714842969862688,0.0657557622171523,0.13463349839285685,0.7956038412433466,11.400807218045113,1.3564297613271634,1.3564297613271634,1.1442237062581264,0.7749499999999987,3.0536472180451124,5.091189999999999,2.251238733553996,-0.6910568029015978,-0.7825310739541873,17.954433823335624,17.459750421633533,0.4352871756691826,0.050553703724674014,0.08329098084765475,0.821163338786651,1.2816143543356953,0.6620123500645427,0.6620123500645427,0.5415887727743348,0.45454803104676234,1.8271973749195598,2.8325404996444066,2.760065389628181,0.7239479823713101,-0.2397449301392558,17.954433823335624,16.733963297171925,0.8632430647155831,0.10186393299217188,0.35029597489724856,0.42543886375695744
mass_0.25g_trial_07,0.25,data/cleaned/0.25g/mass_0.25g_trial_07.csv,2_second_window,1,0.0,2000.0,132.0,1997.0,66.66666666666667,0.0005416943805175878,-0.36035128233961183,0.028534040964249035,0.014066363636363636,0.5233661090440112,0.5233661090440112,0.4528962809917355,0.446405,0.9391163636363636,1.82258,1.7943774872082727,-0.148524746338308,-1.2034405004843645,23.357005204685613,21.78954576843335,0.5380553340571217,0.03751234886317854,0.03655226893123431,0.9182051912027216,0.09020825757575757,0.26137513198552154,0.26137513198552154,0.227907177456382,0.20253500000000002,0.5406982575757575,0.95736,2.068667564004171,-0.3446222497698163,-1.0933334019322571,23.357005204685613,21.97833928810879,0.5029772084825558,0.04064622260409662,0.05198787011685474,0.8973852185679297,11.39899840909091,1.7032140961366335,1.7032140961366335,1.4317724207988978,1.194915,4.05251840909091,7.161480000000001,2.379335879313796,-0.12143523884324547,-0.8707452779898204,23.357005204685613,21.134348532071087,0.47161884599490167,0.061717672997293076,0.06426402695075598,0.8688396955874312,1.6019204193578511,0.8228112001177502,0.8228112001177502,0.7119040102853236,0.5950575575412964,2.5135850379222298,3.948661731808021,3.0548746025364233,0.5128160796249185,-0.7141085956218807,19.381344744313594,18.397421163850016,0.6830921457753266,0.09381798308521605,0.11521308584040814,0.7406852681299763
mass_0.25g_trial_07,0.25,data/cleaned/0.25g/mass_0.25g_trial_07.csv,2_second_window,2,2000.0,4000.0,133.0,1982.0,66.66666666666667,0.31983057314498137,0.04713750110641409,0.3088185071598704,0.012268571428571427,0.5449450965393854,0.5449450965393854,0.4751335982814178,0.45649999999999996,1.0640914285714285,2.09231,1.9526580481755418,-0.12713062386365845,-1.1828497188446838,23.535124390156334,22.03903890895165,0.31476819412264434,0.03145414489744632,0.034839587097185334,0.9212980613959049,0.09573172932330828,0.2628794360825026,0.2628794360825026,0.23046594719882413,0.20512999999999998,0.5023317293233083,0.97336,1.9108825582144642,-0.2519041287412641,-1.169670628835577,23.535124390156334,22.15537032215879,0.2847067311194964,0.026646810664362586,0.05866515261341051,0.905611401499286,11.499186766917296,1.730219152875805,1.730219152875805,1.4844851591384471,1.418149999999999,4.017693233082705,7.6119,2.322071875348784,-0.10009231107618129,-0.9421728228229385,23.0343770627062,19.893440297930145,0.5332344039650968,0.102056509244292,0.07555308054276674,0.8164894756062956,1.6480409600357635,0.8023029771726159,0.8023029771726159,0.6543725389222275,0.5538522030407205,2.41736550467699,3.8791983788873456,3.013033197503507,0.5757829361071184,-0.21581875845602116,20.029893098005388,17.952965400264006,0.7882363609660229,0.10644284083326652,0.11861469294673554,0.7314415137952943
mass_0.25g_trial_07,0.25,data/cleaned/0.25g/mass_0.25g_trial_07.csv,2_second_window,3,4000.0,6000.0,133.0,1986.0,66.66666666666667,0.5348597653918589,0.17913230909341699,-0.018698692388476573,0.020476466165413536,0.5105643983715517,0.5105643983715517,0.4348357148510374,0.42849000000000004,0.9129835338345864,1.8240599999999998,1.7881848729495302,-0.06583268649132529,-1.0817282633431702,23.487722326827082,21.433126613670986,0.4307166763077283,0.056744329828955865,0.035319840790688284,0.9042507328254455,0.09291902255639096,0.24281054994936643,0.24281054994936643,0.2079562168579343,0.18156999999999998,0.5105390225563909,0.98437,2.102622899469789,-0.25696503055119324,-0.9664970605312373,23.487722326827082,21.211931721256075,0.4500794103736135,0.051107071727222286,0.08293738542004361,0.8610010877245181,11.61152932330827,1.5656162690415272,1.5656162690415272,1.3448529131098423,1.2026700000000012,3.40140932330827,6.78199,2.1725689688895597,-0.11899018835956378,-0.9262875187775963,22.987983553915868,19.980053177304125,0.6886858054535107,0.0745266884960357,0.11782450203299172,0.7986135296136946,1.4942104221767856,0.7335683227873203,0.7335683227873203,0.6112519683217221,0.5413622994964165,1.9791996327171015,3.2328969364038946,2.6980440283964127,0.5569152417591787,-0.37394748897159724,19.98955091644858,18.38622008128332,0.8084081362491371,0.07216686748961305,0.14163739015373872,0.7519694324500641
mass_0.25g_trial_07,0.25,data/cleaned/0.25g/mass_0.25g_trial_07.csv,2_second_window,4,6000.0,8000.0,132.0,1980.0,66.66666666666667,0.6948082573524612,-0.34358136286913993,-0.30753413986349387,0.01457098484848486,0.5299608097529761,0.5299608097529761,0.45203607667584933,0.418255,1.0667190151515151,2.02548,2.012826223223433,-0.09558732338406399,-1.0858448339844111,23.557545148283594,21.916836943236582,0.3281814680603468,0.037153457560844046,0.03414469742206257,0.9149737973363865,0.07538075757575757,0.2664584388583331,0.2664584388583331,0.22928912764003673,0.20717000000000002,0.5864207575757576,1.06116,2.2007963421550243,-0.3555042752427123,-1.0114078134313245,23.557545148283594,22.199530465303365,0.2661511041587557,0.039067381077514916,0.03782628489409072,0.9166905850639226,11.538747727272728,1.746061256058467,1.746061256058467,1.4953964325068871,1.4316900000000006,3.678277727272728,6.932989999999999,2.106614366769708,-0.10363704268159779,-0.9632581452035476,23.056320783426496,20.090546651159134,0.5212760768530027,0.06805835793195637,0.10175480282811535,0.8253324748560315,1.656570060893426,0.8101630100003774,0.8101630100003774,0.6617425397643152,0.563457458772256,2.0288814201250887,3.5138669434812972,2.504287896486589,0.49614168025388944,-0.42603408659707487,19.547750229426814,16.931716247404847,0.7846489192553682,0.16712116564443608,0.10424369381969151,0.6880081316431156
mass_0.25g_trial_07,0.25,data/cleaned/0.25g/mass_0.25g_trial_07.csv,2_second_window,5,8000.0,10000.0,133.0,1982.0,66.66666666666667,0.8434425719900811,0.08327699894252046,0.14137380953595124,0.005893609022556384,0.5551887564303462,0.5551887564303462,0.4834194301543332,0.44671000000000005,1.0644036090225564,1.9574600000000002,1.917192300266074,-0.21978602029697505,-1.2047221838004984,23.535124390156334,22.119650848473395,0.33506225910729365,0.02729625420267222,0.033906866957966374,0.9316441893387298,0.07308939849624059,0.27047999308319426,0.27047999308319426,0.23902937305670188,0.2136,0.5343993984962406,1.04109,1.9757446471535143,-0.20312937121563343,-1.2492028456827313,23.535124390156334,22.026891588980295,0.3062146086882237,0.029724230917747084,0.05799574867226108,0.9070286288564278,11.570005789473685,1.816240762561448,1.816240762561448,1.5686166996438462,1.4770299999999992,3.769834210526316,7.33662,2.075624712447105,-0.050980997112533274,-1.0576334752122951,23.0343770627062,20.620554189806196,0.5714734052006658,0.0758396389869577,0.07840098513912058,0.8272091212989665,1.714387843604009,0.8608128781666459,0.8608128781666459,0.7186730062646587,0.6579895597728656,2.0730311911074955,3.672190426743374,2.408225113363342,0.28539490537518586,-0.7607116153827893,20.029893098005388,16.9195671900439,0.7948992416060254,0.11915726813360362,0.18016796873358387,0.6711082522587087
mass_0.25g_trial_08,0.25,data/cleaned/0.25g/mass_0.25g_trial_08.csv,2_second_window,1,0.0,2000.0,133.0,1994.0,66.66666666666667,-0.13649386510103134,0.006968210606130253,-0.5267683486745653,0.11319511278195489,0.29028276935755165,0.29028276935755165,0.2589059833795014,0.25671,0.6674351127819549,1.1643,2.2992584584304114,-0.13024882369489607,-1.2280402988664938,25.8821577514539,22.959934477426042,0.35944760311386303,0.06290336881419639,0.08537719488773453,0.8446368165583592,0.017279248120300753,0.24097582417231175,0.24097582417231175,0.21088288540901126,0.2001,0.5225592481203007,0.97844,2.1685131689668604,-0.13131654450277033,-1.0966894956895736,25.384423948541322,20.869571639977625,0.4941081570267816,0.09929216601842715,0.1258511498337562,0.7721738302944935,11.489836541353384,1.439751355184797,1.439751355184797,1.259905931369778,1.1219999999999999,2.951476541353383,5.859249999999999,2.049990458925146,0.1589357662470672,-1.094388002719822,25.384423948541322,22.16217111163488,0.5213042923385217,0.06664751657240933,0.10286976849825889,0.8211192553888361,1.3431708456581304,0.6411781953185062,0.6411781953185062,0.5257156983069209,0.4887327044283146,1.6337804214354281,2.7167237178153743,2.548091050762956,0.4609870485625991,-0.4985733073288765,14.93201408737725,15.600447491781363,0.7866390448939153,0.08613412046793074,0.4742142217539691,0.42272255493237915
mass_0.25g_trial_08,0.25,data/cleaned/0.25g/mass_0.25g_trial_08.csv,2_second_window,2,2000.0,4000.0,133.0,1989.0,66.66666666666667,-0.079193623989728,0.2580409007130344,-0.6620347088544511,0.09538022556390977,0.27717543556455404,0.27717543556455404,0.24604307083498217,0.23513,0.48886022556390973,0.95296,1.7637213217260532,-0.1416068079820935,-1.3044778345670733,25.947220993713586,23.122680453977097,0.5190361946973171,0.05744377320947052,0.08674037431842466,0.8432021719103723,0.020828270676691726,0.250151796266197,0.250151796266197,0.2197071355079428,0.21353,0.5174082706766917,0.9274,2.0683771949656355,-0.2490465653491903,-1.1545728256304435,25.44823597460371,21.159067505950606,0.5514199741574228,0.10096524833052914,0.10184457086091185,0.7896976061965854,11.487361052631579,1.1819348880843954,1.1819348880843954,1.0088522516818361,0.907449999999999,2.5667989473684205,4.891829999999999,2.171692343838436,0.029814320305905563,-0.9927313536231801,25.44823597460371,21.68047947022425,0.4747760405652293,0.06160267698613894,0.11419788186704767,0.8189261242439514,1.1068835831693216,0.5578359581784968,0.5578359581784968,0.4781312508925558,0.4598576596140167,1.4901962246866711,2.439554044331183,2.6713878925134416,0.428317684773884,-0.8031087035194133,15.967520611516052,14.247768929599815,0.8218049654478601,0.08937453767896292,0.46066141584094933,0.44165237127673435
mass_0.25g_trial_08,0.25,data/cleaned/0.25g/mass_0.25g_trial_08.csv,2_second_window,3,4000.0,6000.0,134.0,1976.0,66.66666666666667,-0.058521552729537296,-0.11339458766337691,0.11189684041337097,0.11053014925373136,0.274695945644833,0.274695945644833,0.24196312096235242,0.2398,0.6267601492537314,1.11457,2.2816505273947447,-0.16184873866823254,-1.17690791354481,26.119402985007014,22.38570501834039,0.6162931730573256,0.0775554418551378,0.09552568655020559,0.7911755439843897,0.019995149253731345,0.24719639940784255,0.24719639940784255,0.2170331276453553,0.20761000000000002,0.4871051492537314,0.97263,1.9705187875737218,-0.16753158950326044,-1.166972423784204,25.61710677375688,21.325518661387374,0.6336799153359834,0.10206598515969295,0.07687555352232354,0.7930156463028776,11.560000820895521,1.4173370156925666,1.4173370156925666,1.248048021831143,1.250185,2.9789591791044785,5.677869999999999,2.1018001689942754,0.14328362214968932,-1.164112322611078,25.61710677375688,22.308553049384894,0.5209530013633851,0.06173441745428141,0.09092538208676577,0.8273441493707924,1.3267943297965865,0.620503783151923,0.620503783151923,0.5142871363760719,0.4575214673322119,1.6700729952820916,2.7598900960030877,2.6914791506971265,0.32006430856286006,-0.46785135869582284,17.078071182504587,16.30483846776332,0.8832444327021336,0.08682752537925828,0.3169597779330929,0.5182116608651198
mass_0.25g_trial_08,0.25,data/cleaned/0.25g/mass_0.25g_trial_08.csv,2_second_window,4,6000.0,8000.0,132.0,1987.0,66.66666666666667,0.03855774399321585,-0.24093221447218477,0.782265099474804,0.09576045454545455,0.28740012387405767,0.28740012387405767,0.254980847107438,0.22308,0.6034604545454546,1.1179999999999999,2.0997223188738032,-0.25799639308925865,-1.1876912095667493,25.971847310717227,22.19700724654559,0.5148428898673754,0.0690972228959526,0.11278109124361471,0.8110697120926778,0.02414621212121212,0.24569527198349972,0.24569527198349972,0.21322386593204776,0.207345,0.5144737878787878,0.93798,2.093950704567643,-0.08922473891733017,-1.1865384674308455,25.47238870858805,21.248539622124525,0.5231475895473194,0.08270806296577266,0.12044671603639841,0.7921443217720263,11.417235833333335,1.2385983504385731,1.2385983504385731,1.054930138888889,0.9358199999999997,2.651344166666666,4.95599,2.1406004341341616,0.3128101384177441,-0.9899306787267363,25.47238870858805,20.702904498206856,0.52694890031225,0.09701226954244004,0.14769694290616603,0.7509938926419267,1.1498659791930754,0.5957340862174778,0.5957340862174778,0.500444605556604,0.4752487646136332,1.5196248512619437,2.5881778664129325,2.5508442213044558,0.3883304100910991,-0.6565961085204144,15.4832166660045,15.661914482470708,0.8503969035229169,0.11283063345294912,0.39131353418296033,0.4660244050249685
mass_0.25g_trial_08,0.25,data/cleaned/0.25g/mass_0.25g_trial_08.csv,2_second_window,5,8000.0,10000.0,132.0,1990.0,66.66666666666667,0.0014957198633740738,0.06285004010397356,0.19889789690369686,0.09307522727272727,0.2914547585856526,0.2914547585856526,0.2595598381542699,0.24538499999999996,0.5365352272727273,1.06835,1.8408868322355785,-0.14622635202635,-1.3306779722223623,25.932693771821484,23.555226231287072,0.506257976708973,0.04643272353325934,0.08758650051886493,0.8514074978805446,0.032004393939393944,0.25377116733405164,0.25377116733405164,0.22546899449035812,0.218245,0.48362439393939394,0.90659,1.905749967657969,-0.17689906911696138,-1.384793826256539,25.433988122363377,22.350890907022116,0.5158295817393598,0.0546323249699718,0.1158714619902299,0.8101708148061744,11.439056818181818,1.4143317478510018,1.4143317478510018,1.2462431336088156,1.2412800000000006,2.731906818181818,5.379199999999999,1.9315884143397035,0.10547230948863186,-1.2261754243035707,25.433988122363377,21.748552312061964,0.4826453313426715,0.05944261300740631,0.1274583638074193,0.8012918957987015,1.3345282228349156,0.6072185744101216,0.6072185744101216,0.5097900026325886,0.48832477773398797,1.4113187571071117,2.530793695193811,2.3242351544962667,0.22007921694038962,-0.7996542791284051,25.433988122363377,16.169329812925973,0.8261587332126062,0.12560166735488984,0.3376975542839977,0.48986430653611224
mass_0.25g_trial_09,0.25,data/cleaned/0.25g/mass_0.25g_trial_09.csv,2_second_window,1,0.0,2000.0,133.0,1987.0,66.66666666666667,-0.03968200490593022,0.10427205357181121,-0.19083786871214742,0.13262736842105263,0.3347614878180546,0.3347614878180546,0.2812327344677483,0.29013,0.6888373684210526,1.37534,2.0576959820283776,-0.13263669302048048,-0.9936340423811001,25.473850706199922,21.600791268623258,0.6574459413750992,0.0889426530632856,0.12360658504521371,0.7658160336806048,0.035830150375939854,0.3072897561668631,0.3072897561668631,0.26178258465713156,0.1953,0.7424198496240602,1.21011,2.416025379059218,0.6389269381256855,-0.8489167926882368,25.473850706199922,21.309592131153327,0.4970233792628128,0.04062076475876499,0.1662637035362369,0.7858825254975588,11.414475563909775,1.3872510901955502,1.3872510901955502,1.1414632653061223,0.9485499999999991,2.9912155639097744,5.532929999999999,2.15621785057536,-0.4279115564316015,-0.7355581710001284,25.473850706199922,17.847995478216244,0.8005940150470882,0.15494092645199198,0.2683073189290353,0.5600273096806678,1.2750344358740489,0.7108058965395092,0.7108058965395092,0.5981567631897928,0.5182827195424675,1.7879970605825697,2.9390275152829184,2.515450517908283,0.5754546738758181,-0.6324647894195587,13.985643524972506,16.19827079268792,0.858906093472369,0.06965176705985751,0.41947842601841395,0.48497283652363354
mass_0.25g_trial_09,0.25,data/cleaned/0.25g/mass_0.25g_trial_09.csv,2_second_window,2,2000.0,4000.0,131.0,1991.0,66.66666666666667,0.15361617607270087,0.120170635935747,0.5757661006127939,0.1236875572519084,0.3480976039883497,0.3480976039883497,0.3071036827690694,0.31962999999999997,0.6066424427480916,1.1731,1.7427366227099772,0.028614040277721242,-1.2957388859069874,25.419732306796472,23.33303382892969,0.43012685964138064,0.06358517523510888,0.03457549280585393,0.8936003090876474,0.061079236641221384,0.29841691608217763,0.29841691608217763,0.2585699423110542,0.21882,0.6351207633587787,1.13362,2.128300136926152,0.41224785421288634,-1.0587615608226537,25.419732306796472,22.97606169370581,0.5595003617630887,0.04360326281917339,0.0824222159133554,0.8496436993254696,11.424191526717557,1.2949442152224655,1.2949442152224655,1.063760083911194,0.9566499999999998,2.903851526717558,5.212950000000001,2.2424529895434064,-0.47504477548713187,-0.6593099959115345,25.918158430459147,19.702124579566064,0.7422241835971164,0.10727445650002386,0.22757103791003305,0.6394037212668441,1.201795998716426,0.6654258003066478,0.6654258003066478,0.5498090709225766,0.45482311759632776,1.7527554747037002,2.7731884442911583,2.6340359419427064,0.6672866753025789,-0.2887519329680126,11.962226967904222,15.469463936954405,0.8346202386256971,0.048074733652945706,0.5589553994961104,0.3660479815466798
mass_0.25g_trial_09,0.25,data/cleaned/0.25g/mass_0.25g_trial_09.csv,2_second_window,3,4000.0,6000.0,133.0,1981.0,66.66666666666667,-0.3298252269935877,-0.00857103123182996,-0.5108032173531967,0.14217834586466166,0.3444507297878743,0.3444507297878743,0.2966172299168975,0.29986999999999997,0.6948283458646616,1.26376,2.0172067752405782,-0.20271654040882925,-1.2054888310216054,25.050005123764123,22.95494733221008,0.5864045355791491,0.04316942833926488,0.07761823588946097,0.8651093180923348,0.07160586466165413,0.31984909752829677,0.31984909752829677,0.28526255412968515,0.21475999999999998,0.7031741353383459,1.19684,2.198455899273365,0.4809848410740632,-1.099963763250124,25.551005226239408,23.212797204945588,0.346987626689524,0.020241746256136138,0.07807510879668808,0.8967502657390659,11.505944360902255,1.3357162806999274,1.3357162806999274,1.1036841234665615,0.9330199999999991,2.962424360902256,5.679430000000002,2.2178544977754697,-0.3496919180184632,-0.7918426556697327,25.551005226239408,20.83765049993048,0.65403085548451,0.07925824858019584,0.12044581045877949,0.7864352706014984,1.2434765034726691,0.677387568736907,0.677387568736907,0.5736448840913346,0.506114703231571,1.7527418731599802,2.799459400294385,2.587502272042335,0.538237637128594,-0.6706642480642802,25.551005226239408,17.500074657166667,0.8537756878941702,0.058594071109195255,0.3158924030170294,0.5809771876467622
mass_0.25g_trial_09,0.25,data/cleaned/0.25g/mass_0.25g_trial_09.csv,2_second_window,4,6000.0,8000.0,133.0,1992.0,66.66666666666667,0.3921578003759214,-0.007945478659580786,0.0766645426950455,0.1453378947368421,0.34584443869030407,0.34584443869030407,0.300192346656114,0.31865,0.6758821052631578,1.28544,1.9542951386545067,-0.05326869031064318,-1.2345971195506835,25.409910317833553,22.568728182020696,0.48774918772960063,0.08474438018372736,0.06575340589448883,0.8210403577254761,0.0797154887218045,0.3063176155621947,0.3063176155621947,0.2709103861156651,0.20233,0.6237745112781954,1.0491199999999998,2.0363651307919777,0.478729136354657,-1.1387946471693677,25.409910317833553,21.585263137952808,0.6723164163413424,0.06597639367908079,0.08580472123886532,0.8379004332166929,11.540252406015037,1.3945332057799065,1.3945332057799065,1.2062011600429647,1.1098400000000002,3.5058324060150365,6.0495899999999985,2.5139827373664905,-0.4232197459439224,-0.8314554130380079,25.90814385347735,19.752972186272874,0.6946022244930802,0.10431597833558517,0.16185574806201797,0.724883377784943,1.32038812248091,0.6440007184862758,0.6440007184862758,0.5209726685340352,0.4806055014819377,2.2203219879912446,3.211563268201965,3.447701103828134,0.8060074668515242,0.3603812503872299,15.943473140601446,15.350397703159837,0.8357727561798284,0.05255074244513151,0.47739633393540326,0.45586144293538855
mass_0.25g_trial_09,0.25,data/cleaned/0.25g/mass_0.25g_trial_09.csv,2_second_window,5,8000.0,10000.0,132.0,1978.0,66.66666666666667,-0.504024756050213,-0.16194662134786547,0.4628755395860312,0.1046785606060606,0.3500424059832815,0.3500424059832815,0.29952546602387514,0.27746000000000004,0.7467985606060606,1.4271500000000001,2.1334516842560176,-0.28532045612764506,-0.9524048360088697,25.08655820091224,20.630347301665463,0.6449728863837764,0.1134550833372186,0.11706728048104721,0.7504291690353871,0.09836886363636364,0.3028928163024803,0.3028928163024803,0.2595846831955923,0.22901,0.6706111363636363,1.1317599999999999,2.2140212651789617,0.5168639081968094,-0.9277756199615768,25.588289364930485,22.3335391285137,0.4637210260668002,0.05598451269456845,0.09796248676673205,0.8322540061477632,11.479623863636364,1.277603739619159,1.277603739619159,1.1044712396694214,0.9981849999999994,2.741003863636365,4.676410000000001,2.145425673576559,-0.32129725440060347,-1.1382592163182006,25.588289364930485,20.74044684921518,0.6227564856941253,0.06429047848091674,0.15767592839197875,0.7667452665721711,1.2326932657347536,0.5718499560682508,0.5718499560682508,0.4881501039192171,0.4629549048611626,1.5842189830695563,2.565995880619935,2.7703403073803474,0.21195872949896113,-0.8523195455355608,15.051934920547344,15.02089983072785,0.8139616729092516,0.10512403479131935,0.32814282266835504,0.5304189969504568
mass_0.25g_trial_10,0.25,data/cleaned/0.25g/mass_0.25g_trial_10.csv,2_second_window,1,0.0,2000.0,133.0,1998.0,66.66666666666667,-0.6526203516080948,-0.049226373531891146,0.2763409314889966,0.008340075187969925,0.2909934765320434,0.2909934765320434,0.24943585278986946,0.19641999999999998,0.68489007518797,1.145,2.3536269037720223,-0.5505841349937143,-0.9070119912949606,28.810765652745644,21.289331067459795,0.700812920948083,0.11146562967415599,0.2077236563310152,0.6338808962400722,0.01670954887218045,0.24569833277949518,0.24569833277949518,0.20707300469218157,0.18122,0.5458604511278196,0.9805900000000001,2.2216693330911137,0.4935465095135505,-0.8180222746154784,28.3140283139052,24.180026530309966,0.5837508940372698,0.04596737896968127,0.14962638381199445,0.7592475187975583,11.321301127819549,1.5782897957116748,1.5782897957116748,1.3216070371417266,1.0614799999999995,3.5747188721804513,6.42456,2.2649318787292523,0.5369879947650151,-0.7753552475789451,28.3140283139052,21.16935307411572,0.6899091010392401,0.08223299833812996,0.2596763547529012,0.6126654523334248,1.4091269046897426,0.8064768563585278,0.8064768563585278,0.6759258370530502,0.5958830650081958,2.2077256136863435,3.4820530746511626,2.737494072247593,0.6292001198808554,-0.4924795861185487,9.934746776808844,15.61064247872816,0.8069559986340998,0.07791288431826193,0.463586298323943,0.42923962354675177
mass_0.25g_trial_10,0.25,data/cleaned/0.25g/mass_0.25g_trial_10.csv,2_second_window,2,2000.0,4000.0,133.0,1985.0,66.66666666666667,0.1244744440171238,-0.01720771921269144,-0.21523268623724293,0.07126631578947368,0.2892628237238277,0.2892628237238277,0.24256960031658092,0.18614,0.6254363157894738,1.13,2.1621731674257805,-0.39307317569617245,-0.819784399003809,28.499460237683017,22.70187266485659,0.46979415985400425,0.07051879935346389,0.19279969038022493,0.7243079502124901,0.04589503759398496,0.24979945118026384,0.24979945118026384,0.2161744790547798,0.18202000000000002,0.5074949624060151,0.9092800000000001,2.0316095972516344,0.35878493577225684,-1.0681736362130245,28.499460237683017,25.30235545896952,0.3671211950472118,0.05049447104392206,0.09209465703973341,0.83533486561024,11.328417218045113,1.502633468057612,1.502633468057612,1.2621129278082424,1.0302300000000013,3.403152781954887,6.228759999999999,2.2647923490976094,0.44051432728271794,-0.7765816592875767,27.99946970719735,23.540345992521864,0.5357511886305802,0.054851492187922145,0.16083170679101866,0.743082667735838,1.352099314232582,0.7588198276121099,0.7588198276121099,0.6249525957586803,0.5564161484971016,2.083992457275622,3.238851151299729,2.7463600468027147,0.6552332220693866,-0.3704563854723171,9.499820079227671,14.282894360109474,0.842070556849015,0.14840307853867463,0.46203638433975264,0.35312775419924636
mass_0.25g_trial_10,0.25,data/cleaned/0.25g/mass_0.25g_trial_10.csv,2_second_window,3,4000.0,6000.0,131.0,1981.0,66.66666666666667,0.6904062806676382,-0.034557177146762506,-0.1279854584746345,0.03920648854961833,0.2661151079328501,0.2661151079328501,0.22188692966610338,0.18488000000000002,0.6017935114503817,1.18917,2.261403030158794,-0.3440609846850478,-0.7490483285463139,28.55370292581223,18.22121217965975,0.6604100874930792,0.15192057157099317,0.3001828311221056,0.5213552011696893,0.032959160305343516,0.2508859340251289,0.2508859340251289,0.2152038226210594,0.18909,0.4913608396946565,0.85415,1.9585029412029193,0.3393870740249313,-1.074330688861007,28.55370292581223,24.49865986704283,0.46832090659319425,0.051642762831844276,0.1302996705752318,0.7777644675200833,11.389524198473282,1.5633585265878367,1.5633585265878367,1.2953657875415185,1.0893700000000006,3.6175758015267174,6.422599999999999,2.3139770820340138,0.46402280260957934,-0.782931935597142,28.052760769219034,21.842933940480876,0.6177034021568418,0.0554659937561634,0.23361780546029395,0.6632812480971437,1.3697285261150896,0.8376721613872877,0.8376721613872877,0.7159458451319646,0.6970319662355338,2.262637306695581,3.467323745547854,2.7011012314750635,0.4568157824651557,-0.6961796946234653,10.519785288457138,13.750607230710118,0.8035226845413619,0.046838883789924915,0.6383321418154556,0.2927125189480724
mass_0.25g_trial_10,0.25,data/cleaned/0.25g/mass_0.25g_trial_10.csv,2_second_window,4,6000.0,8000.0,132.0,1978.0,66.66666666666667,0.4807928619393936,0.05494161110677403,0.301803288084323,0.019648939393939392,0.319122928347933,0.319122928347933,0.27660529614325075,0.239945,0.6527389393939395,1.2025700000000001,2.0454153600717526,-0.4401938215168785,-1.015079742261805,28.598676349039955,22.353352438296653,0.5546516807652869,0.0898712473415375,0.18144702587598752,0.6984483563113738,0.02448030303030303,0.24928661139563893,0.24928661139563893,0.20978686409550046,0.189525,0.531499696969697,1.02139,2.132082802177298,0.3682385894417408,-0.9163323787023172,28.598676349039955,24.869082679890933,0.5660492547832223,0.04647638199732227,0.0991913067061111,0.8055237540967368,11.509023636363636,1.5254325708443615,1.5254325708443615,1.2721057300275482,1.0407349999999997,3.747326363636363,6.3795899999999985,2.4565663768160744,0.6037477358687882,-0.6106539291509065,28.09694518502171,22.33169344399489,0.5438991745498197,0.053921486217462275,0.21962132586762972,0.7067428811283593,1.3718698304748884,0.780321058567638,0.780321058567638,0.6312804651356355,0.5199503926684221,2.42109500327295,3.5625231323662265,3.102690843326882,0.8031598587809897,0.2626853200777517,10.536354444383141,13.684380677006505,0.8138888864002645,0.09297953220564041,0.5800196686985817,0.2954108455327216
mass_0.25g_trial_10,0.25,data/cleaned/0.25g/mass_0.25g_trial_10.csv,2_second_window,5,8000.0,10000.0,133.0,1987.0,66.66666666666667,-0.48472339157758576,0.06923975240132246,-0.2580054001320516,0.056487969924812025,0.26202526913601976,0.26202526913601976,0.21473224489795917,0.17235,0.608437969924812,1.1078000000000001,2.3220583721983172,-0.4656237930139639,-0.5404825379203873,28.47077431869403,20.189447390368816,0.7026833501407117,0.1216103443831453,0.2457269403569737,0.5742458344554737,0.03034270676691729,0.2563845897628432,0.2563845897628432,0.22076392673412856,0.18932,0.5329772932330827,0.94813,2.07881953328821,0.45647788562332486,-0.9723023784839069,28.47077431869403,24.827711501460513,0.44424988727730963,0.04886158074875163,0.11774376500212029,0.7905224246397545,11.448811879699248,1.5940756893300294,1.5940756893300294,1.3388001933404938,1.1485599999999998,3.788598120300753,6.868450000000001,2.3766739218594157,0.42000767750045576,-0.7836963468348319,27.971287049945012,20.62662416028874,0.6904608174406203,0.12464825986902016,0.21953619659252885,0.6054873011699352,1.4238372479128503,0.8050807998596379,0.8050807998596379,0.6745902970996763,0.6015331169298654,2.3786072888654495,3.7240204829891375,2.954495113136655,0.6084276757949779,-0.30052012973040654,10.489232643729379,15.48765365847148,0.8023815369795056,0.07261613664636273,0.48065465495732645,0.39488430239915634
mass_0.50g_trial_01,0.5,data/cleaned/0.50g/mass_0.50g_trial_01.csv,2_second_window,1,0.0,2000.0,134.0,1988.0,66.66666666666667,0.38814152094125653,-0.711031336318694,-0.4073291917356893,0.08050477611940299,0.607507044634195,0.607507044634195,0.5147860614836266,0.50491,1.2957847761194028,2.56008,2.132954321376879,-0.233375941905862,-0.9430085663372108,18.97204120255298,17.599851980415934,0.3300305840873589,0.06205468950044417,0.07413061872473059,0.859648395770593,-0.003248731343283581,0.37789220602410367,0.37789220602410367,0.32614255513477386,0.327325,0.7772612686567164,1.5209000000000001,2.056833288080938,-0.16402949740570977,-1.154189564800557,18.472776960380532,17.49595189864469,0.4030838133814111,0.04948335584617801,0.07209224271622812,0.8685564168530807,11.487355820895521,1.8165607553094105,1.8165607553094105,1.563732688794832,1.3330599999999997,3.8164658208955213,7.003920000000001,2.100929357711172,-0.35808491034599815,-1.0577987247472576,18.97204120255298,15.964501579723407,0.5261430347233161,0.1435071746752939,0.1198147239932844,0.7302477308457823,1.758260557668397,0.8486931823290744,0.8486931823290744,0.710043771904837,0.5986795752500059,2.1064067767954286,3.7190712662658076,2.4819414373222632,0.29553678137391853,-0.7006443661741395,28.45806180382947,17.71939963305763,0.8858103361075507,0.07608806546726171,0.31556693766950034,0.5569177584339073
mass_0.50g_trial_01,0.5,data/cleaned/0.50g/mass_0.50g_trial_01.csv,2_second_window,2,2000.0,4000.0,132.0,1989.0,66.66666666666667,-0.3378434938664511,-0.636603187940297,0.41676170663271156,0.0027046969696969754,0.5845840900724353,0.5845840900724353,0.5076148668503214,0.481035,1.2191346969696968,2.36272,2.0854736173518424,-0.08965071676528957,-1.0409186538142212,18.960342489667244,17.857562458060876,0.28953803154078217,0.056579696667125624,0.05327217052387505,0.8861622300333167,0.03603333333333333,0.35189278276001323,0.35189278276001323,0.30438868686868686,0.30862500000000004,0.7512633333333334,1.34889,2.1349211184182946,-0.1632576744975763,-1.1508957140053402,18.461386108360212,18.30877009758216,0.385921830609668,0.042563365391644,0.03207907156134451,0.9177998126685812,11.598963787878786,1.7759118883153788,1.7759118883153788,1.5242897865013776,1.35365,4.264573787878786,7.815080000000001,2.4013431161408234,-0.35545749115311476,-0.8679531152317219,18.960342489667244,17.608033751984415,0.4590978622230961,0.08168879746174726,0.07878982579809926,0.8265736612533215,1.7104380362153684,0.8329656945228969,0.8329656945228969,0.6818873628566977,0.6380368014224362,2.5965904723895346,4.000092244094234,3.117283808280724,0.6160993286097791,0.0901779385680026,9.480171244833622,17.842175780319785,0.8758589063279998,0.08486913348961161,0.31040394989883613,0.5662198032150899
mass_0.50g_trial_01,0.5,data/cleaned/0.50g/mass_0.50g_trial_01.csv,2_second_window,3,4000.0,6000.0,133.0,1985.0,66.66666666666667,0.09218279100940495,-0.40898905586273243,-0.41946962135823784,0.06458789473684211,0.6064375964760331,0.6064375964760331,0.5135512148793036,0.50705,1.4710178947368422,2.6825400000000004,2.425670676232518,-0.30267930792726583,-0.8636492841376606,18.999640158455342,16.668608287563018,0.3957409874957179,0.09566940846457053,0.0933721651306294,0.8090589858159658,0.025994060150375947,0.3505289176942555,0.3505289176942555,0.3010180428514896,0.29823999999999995,0.761964060150376,1.3448799999999999,2.173755207309286,-0.2024430814830206,-1.0719021095061667,18.499649627969678,17.798665481993076,0.3574739281055276,0.04577054246098055,0.05045167193096726,0.8919798134089965,11.594455639097744,1.7280496321107577,1.7280496321107577,1.4719035457063712,1.1696500000000007,4.506205639097743,7.34938,2.607682994378788,-0.5304410478610224,-0.7809532820737464,18.999640158455342,17.563567509546722,0.470643543869535,0.08785143653749465,0.0658248773026602,0.8398717059623207,1.6903797932429345,0.7870252640123012,0.7870252640123012,0.6170387626519999,0.5417031440731648,2.8361259748601784,4.286626468737797,3.6036022025537537,0.7533632740654657,0.6039891751011432,9.99981060971334,15.799521665088358,0.8716327517987582,0.06310681231739183,0.4663135319895607,0.4259543500642146
mass_0.50g_trial_01,0.5,data/cleaned/0.50g/mass_0.50g_trial_01.csv,2_second_window,4,6000.0,8000.0,131.0,1985.0,66.66666666666667,0.17108897753945512,-0.04274099423782809,0.42350852401506744,0.1148958778625954,0.59927418746101,0.59927418746101,0.49621136530505217,0.45860999999999996,1.4916658778625955,2.82504,2.4891208549836734,-0.17174073742497195,-0.7436247048112867,18.997442651910312,16.196573357799032,0.43200155866345774,0.11512387525065583,0.10391347261065562,0.7744929929814032,0.04213076335877863,0.3776935281832062,0.3776935281832062,0.3263856313734631,0.32496,0.7241907633587786,1.42344,1.9174031571107528,-0.16026425412569145,-1.187612223430842,18.497509950544252,17.901381643807987,0.3825670668528402,0.06864219173279686,0.030342638439766114,0.8893715081271306,11.464818015267177,1.7435326604481765,1.7435326604481765,1.5482174791678804,1.2797,3.968268015267177,6.9649399999999995,2.275992933936282,-0.38049759404129974,-1.1379660271651169,18.997442651910312,17.006030472692228,0.5043181381786437,0.09534346918401004,0.09010559236481444,0.8103818752788742,1.7467508085309482,0.7003925356073595,0.7003925356073595,0.5569268156160071,0.5038077514305823,2.2869661964997015,3.5927958578799157,3.2652635204293157,0.44470555013971347,0.005848447337560625,8.498855923223035,15.491458250203518,0.908978962708785,0.11643614878144606,0.3743500677000827,0.4945333254355926
mass_0.50g_trial_01,0.5,data/cleaned/0.50g/mass_0.50g_trial_01.csv,2_second_window,5,8000.0,10000.0,133.0,1979.0,66.66666666666667,-0.42415767149836253,0.23100672303323855,-0.24284429562288495,0.043257142857142855,0.6250655649706977,0.6250655649706977,0.5251020622986037,0.51224,1.3201571428571428,2.6375599999999997,2.112029868289145,-0.13009758454881024,-0.9076676379482675,19.057243918396114,17.355546072066137,0.5006512487206541,0.07596811843740871,0.09087135074968954,0.8114888693422944,0.006203759398496238,0.36383099924887974,0.36383099924887974,0.3077124337158686,0.30909,0.7215037593984963,1.38676,1.9830739021359458,-0.11948964546192718,-1.0585751936538847,18.555737499490952,18.879907872120437,0.24367613610745464,0.02244554550527795,0.026574390763678468,0.9317345298782512,11.63444729323308,1.766531370161766,1.766531370161766,1.541166169936119,1.1961700000000004,3.88203729323308,7.234189999999999,2.197547894593908,-0.3495974790800535,-0.9690018338128001,19.057243918396114,17.456547361513657,0.5572488454895281,0.09557300850503427,0.06694964987793546,0.8219811941134477,1.762742021461685,0.7324299311643092,0.7324299311643092,0.5723262874527719,0.4412028216492514,2.1546322207169313,3.3587417867843308,2.941758834584783,0.7403819306457488,0.06668912746424516,10.030128378103218,18.107929723009317,0.8958566112173563,0.07419261509296254,0.2630565673927484,0.5811804328455855
mass_0.50g_trial_02,0.5,data/cleaned/0.50g/mass_0.50g_trial_02.csv,2_second_window,1,0.0,2000.0,133.0,1985.0,66.66666666666667,-0.02437949896462413,-0.3808649069738594,-0.03914498114848997,0.07272105263157895,0.34105926771623224,0.34105926771623224,0.2952194538979026,0.25783,0.777748947368421,1.3325399999999998,2.280392356953991,0.3897920219021466,-0.9935870400554969,22.499573871855013,18.749511858493584,0.41692328141016693,0.13294249255244361,0.08537590271337292,0.7717057299771527,0.08320586466165412,0.27985929825224193,0.27985929825224193,0.24271723330883596,0.21302000000000001,0.7867258646616542,1.3054100000000002,2.8111478502764085,-0.4014766001083778,-0.8639865849335915,22.999564402340678,19.800424626963473,0.43954960144210037,0.10341584765529306,0.07373574952508351,0.8179847032604889,11.573882932330827,1.3236623342472713,1.3236623342472713,1.0466663768443667,0.8089199999999988,3.4293170676691727,6.07681,2.5907793694373926,0.4777905645988103,-0.2919732764596943,22.499573871855013,16.919433560542664,0.5323864520920663,0.19404143795914994,0.12045825483889114,0.6788267925746653,1.1949229728106077,0.7203358349185222,0.7203358349185222,0.588111541883431,0.4433230897895962,2.2394831714087418,3.251619237639493,3.1089431662969425,0.9094608123976298,0.019204214656635354,20.499611749912344,16.881765186569133,0.7817099613867878,0.1569613147326267,0.13748512723201303,0.6906566189035452
mass_0.50g_trial_02,0.5,data/cleaned/0.50g/mass_0.50g_trial_02.csv,2_second_window,2,2000.0,4000.0,133.0,1993.0,66.66666666666667,0.058093457408180095,-0.7186957995738631,0.031187163775715995,0.06048165413533836,0.35985384586485947,0.35985384586485947,0.31152584996325405,0.28604,0.8849983458646616,1.5026,2.4593271852845957,0.3860102557734059,-1.002321949770939,22.409259475779045,19.81786599367504,0.39296827135458123,0.09577342989977022,0.06008842630070373,0.8345523047141762,0.04468496240601504,0.29073674669041477,0.29073674669041477,0.2511640997229917,0.21977999999999998,0.741944962406015,1.25152,2.5519476669251593,-0.3062066522050877,-0.8914142870361936,22.907243019685247,21.08114027489334,0.3420709913702079,0.03202822874609178,0.09136151812737263,0.8659570547229428,11.368824736842106,1.4095137095960493,1.4095137095960493,1.1781203878116342,0.9848700000000008,3.133975263157895,5.881460000000001,2.223444328225837,0.3838654524681758,-0.6592445953179458,22.409259475779045,20.054762568052084,0.32012613569647336,0.07736721154501001,0.06689829376892771,0.8443473599177722,1.2870833770957781,0.7376773849067078,0.7376773849067078,0.6079582806811561,0.512375042541309,1.8562375058806668,2.974518652039327,2.51632697959884,0.6595673226331988,-0.3028779507580954,21.413292387966642,19.36179697533579,0.7317049411212856,0.07020637063217434,0.12773572966161564,0.7735978231657714
mass_0.50g_trial_02,0.5,data/cleaned/0.50g/mass_0.50g_trial_02.csv,2_second_window,3,4000.0,6000.0,132.0,1980.0,66.66666666666667,-0.06508656013176746,-0.7263621552638567,0.08418588761394397,0.08746462121212122,0.326551135119117,0.326551135119117,0.28197927226813585,0.238625,0.6569453787878788,1.24208,2.0117687802501223,0.37668811060029367,-1.0072170713287452,22.5550964185694,19.35671301836804,0.5046353494736147,0.11486153168311013,0.07857397409857574,0.7945035331148005,0.10010098484848484,0.31484223780706966,0.31484223780706966,0.2601653661616161,0.21301,0.7106109848484848,1.27611,2.257038286216019,-0.512575492414544,-0.6434693951688342,23.056320783426496,19.567845234377177,0.5522177298782172,0.11566839466665735,0.07454854814821231,0.7985736896322038,11.546215227272727,1.3443613605720712,1.3443613605720712,1.1327977444903579,1.019685,3.3245947727272736,5.54594,2.472991912912869,0.36761309399802844,-0.7592783919989685,22.5550964185694,18.97603624864708,0.5976424420408105,0.14302080078782767,0.0666795468530075,0.768805352188365,1.2521506319394118,0.6672237565373924,0.6672237565373924,0.5546199137066312,0.5618723426660097,2.0976760137586075,3.175426605292091,3.1438868793351333,0.6363734889447059,-0.17440342186895652,20.048974594283912,17.271090429393055,0.8167867681822444,0.1631902713611719,0.12589981872976255,0.6889871005905733
mass_0.50g_trial_02,0.5,data/cleaned/0.50g/mass_0.50g_trial_02.csv,2_second_window,4,6000.0,8000.0,133.0,1984.0,66.66666666666667,-0.027266854060779184,-0.41899474764321215,0.10331088627456601,0.09008616541353383,0.3216170491139807,0.3216170491139807,0.2819778608174571,0.2577,0.7047738345864661,1.26681,2.1913447577733827,0.318256428346543,-1.0006581518884925,22.510914382819603,19.013020099461635,0.43050674407037676,0.13213376426376894,0.06730093575129717,0.7916999687356128,0.05135353383458647,0.32077112968265703,0.32077112968265703,0.2762887342416191,0.23037,0.6930035338345866,1.17075,2.160429881954102,-0.5371159944549426,-0.9531125346886813,23.01115692466004,20.23514344689113,0.4434078256321761,0.054102625134298726,0.10778410435715353,0.8345912539754357,11.601505338345866,1.2617704770574392,1.2617704770574392,1.0530558652269775,0.9279599999999988,3.054334661654133,5.270859999999999,2.4206737415327018,0.48150341913779865,-0.6596888894988981,22.510914382819603,19.584757384999968,0.49442492571395646,0.08612693336430356,0.07921499398109354,0.8300022411015697,1.1880231143740856,0.6220911994276476,0.6220911994276476,0.4995270133897911,0.40114768061878836,1.9102657876797986,2.8769615534638686,3.070716623924805,0.7650759945001384,0.17581594179646798,20.50994421545786,17.770102272929925,0.8374570079983191,0.1318400604763431,0.13878135265730812,0.7112736699106872
mass_0.50g_trial_02,0.5,data/cleaned/0.50g/mass_0.50g_trial_02.csv,2_second_window,5,8000.0,10000.0,130.0,1954.0,66.66666666666667,0.2026971529118933,-0.010061811142636276,-0.016360424131088284,0.08627192307692307,0.35228725948293116,0.35228725948293116,0.30309656213017755,0.249965,0.7966580769230769,1.49997,2.26138770414908,0.3217693107070339,-0.9396291625955469,22.344697267895818,19.042801320218125,0.538651378901428,0.12970695050104453,0.06652613344642629,0.7982854271565717,0.06814223076923077,0.29214502698874484,0.29214502698874484,0.25014064023668636,0.23612,0.7033122307692308,1.24348,2.4074078481449783,-0.2588847064744318,-0.9106913350385328,22.852531296711632,19.79405940308563,0.5335371912221717,0.0975219664251371,0.07063659139105849,0.8260058986186165,11.446897769230768,1.4120190503842718,1.4120190503842718,1.1670716650887571,1.0297799999999997,3.2210322307692323,6.39729,2.2811535226048467,0.354116637047124,-0.6244423590443171,22.344697267895818,17.988149084445748,0.4412243243490046,0.1421390944109483,0.09377430626599356,0.7601893452593865,1.3079330795991737,0.7018289591678093,0.7018289591678093,0.569905654528299,0.4333945462141123,1.9278911906219585,2.9965566069108585,2.746953036688522,0.78250610801528,-0.10474632245564575,20.821195181448378,19.199482747132976,0.7821225812696421,0.10100532764666063,0.06474695313210008,0.8055866892091506
mass_0.50g_trial_03,0.5,data/cleaned/0.50g/mass_0.50g_trial_03.csv,2_second_window,1,0.0,2000.0,134.0,1998.0,66.66666666666667,-0.6109556252556276,0.48586079985455155,-0.12202136832291828,0.07630186567164181,0.5713385319909414,0.5713385319909414,0.4781534595678324,0.37168999999999996,1.4438381343283582,2.45161,2.527114930087107,0.5531165143656247,-0.6142671115830969,18.38032061918263,18.14260572375779,0.5158740759278864,0.05595700782404847,0.08278870896571096,0.8247975958979165,0.11220350746268658,0.3847857547035393,0.3847857547035393,0.33674154600133654,0.28058000000000005,0.8077664925373134,1.41784,2.099262986384884,0.4248456476682825,-1.0996181652973422,18.38032061918263,18.316525016668802,0.25755984363277357,0.02842041943705967,0.03333165518249174,0.9221764258030002,11.40778291044776,1.37216018586384,1.37216018586384,1.1989437435954557,1.117915,2.765792910447761,5.5209600000000005,2.0156487113831854,0.10593554315727585,-1.106610461241526,18.877086041322702,17.47523830290864,0.4337296955913211,0.03687278124369407,0.12181539895659842,0.831940582497055,1.4166288107113008,0.5920086008605868,0.5920086008605868,0.48113863154973124,0.42077299585677097,1.6485126757862048,2.90595207956983,2.784609334036375,0.4105208115425994,-0.28294193593972583,29.309159906264192,16.821849780305126,0.8782152766308079,0.1442331647560474,0.3442455645084471,0.45982907590677546
mass_0.50g_trial_03,0.5,data/cleaned/0.50g/mass_0.50g_trial_03.csv,2_second_window,2,2000.0,4000.0,133.0,1984.0,66.66666666666667,0.5548709130983952,-0.5432827387877885,-0.15018284601987603,-0.013494812030075186,0.5570614304978159,0.5570614304978159,0.46369013963480127,0.42513999999999996,1.369514812030075,2.19629,2.458462814067406,0.5859945605005967,-0.6851142068759692,18.508974048096118,19.038277682123557,0.3404828793638283,0.033000356857835894,0.048524396247805496,0.8974356960057818,0.0808381203007519,0.3417677139270661,0.3417677139270661,0.29604239131663745,0.23888000000000004,0.7387118796992481,1.3414199999999998,2.1614443073370313,0.3646738850726041,-1.0370466481919804,18.508974048096118,18.398983648725377,0.510226239197896,0.037393472124928134,0.040258430021262157,0.8796617703003841,11.351982556390976,1.6344456436140062,1.6344456436140062,1.4522945706371189,1.3945800000000013,3.7438274436090246,6.959910000000001,2.2905793522327587,0.15352526505531472,-1.1804977126321676,18.508974048096118,17.747825424960737,0.5347138895772071,0.046166922905837134,0.08425530616877423,0.8608023010359034,1.6245666001153725,0.6777304267550547,0.6777304267550547,0.5632978484007384,0.48362528593399245,2.1751548968633747,3.4800628233094386,3.2094691502607113,0.3865390613073053,-0.16301676278379196,29.014067426745264,18.63176352947773,0.8202344148029196,0.14193278363560427,0.25421390992130305,0.5757278354091094
mass_0.50g_trial_03,0.5,data/cleaned/0.50g/mass_0.50g_trial_03.csv,2_second_window,3,4000.0,6000.0,133.0,1984.0,66.66666666666667,-0.2082009843548863,0.4711412634011499,-0.03265502760317021,0.0019396240601503778,0.59504224063798,0.59504224063798,0.5021102413929561,0.44759,1.3472403759398497,2.28831,2.2641088042680697,0.505138472437605,-0.8036942228420498,18.508974048096118,18.140542849363957,0.35265910148293017,0.0464390805500333,0.06294730457265181,0.8649561119231194,0.062179548872180454,0.3836921082190392,0.3836921082190392,0.3235681723104754,0.29673,0.8105204511278196,1.4051200000000001,2.1124240863070236,0.4498561615015228,-0.9834627278480963,18.508974048096118,17.953969621794712,0.5120732268966998,0.025554054185094786,0.07713413416083156,0.8560307776981114,11.375132556390977,1.4110377674251784,1.4110377674251784,1.2095257685567304,0.9818099999999994,2.795732556390977,5.40982,1.9813307771999258,-0.1627989771420505,-0.9649442644351929,19.009216589936553,16.765368882689454,0.6484341278751146,0.08361404169983996,0.14349806206830748,0.7603421127098298,1.4424479123383254,0.6416124245555704,0.6416124245555704,0.541755903702201,0.4456536050537723,1.500342330009318,2.649670603506181,2.3383935107686997,0.42814133420441214,-0.6699499515034448,29.014067426745264,15.461769116684456,0.8910693791083754,0.10651631710119056,0.42362517477755324,0.3973983209600761
mass_0.50g_trial_03,0.5,data/cleaned/0.50g/mass_0.50g_trial_03.csv,2_second_window,4,6000.0,8000.0,131.0,1981.0,66.66666666666667,-0.08984652955818892,-0.5438596960800852,0.07001459602944633,0.05536648854961833,0.5227382971129872,0.5227382971129872,0.4482359710972554,0.37614000000000003,1.1025135114503817,2.19635,2.1091118013342705,0.4433193599789606,-0.9327756168886352,18.534859793948293,18.407449941287535,0.3588055724419048,0.04945921656237037,0.05928147528757647,0.8764288323307197,0.09155824427480916,0.3362365215834469,0.3362365215834469,0.2899216805547462,0.24183,0.6919117557251908,1.24567,2.0578126149614975,0.40480109069274645,-1.0018185439927692,18.534859793948293,17.26065811270572,0.5610285343557079,0.04870814814784473,0.08648192317922844,0.8545336839063301,11.529514122137405,1.5247639104083526,1.5247639104083526,1.3305786306159315,1.4502400000000009,2.9887041221374044,5.9200099999999996,1.9601094318509864,0.0723633325139825,-1.2146796698436693,18.534859793948293,17.489836889156603,0.6099199197627425,0.04532698430214349,0.10078587554853428,0.8430901595791058,1.5046127883731948,0.6688465184649854,0.6688465184649854,0.5673699338109541,0.4867596702146517,1.5557576106019428,2.83290880845115,2.3260308122294395,0.06830626945656831,-0.7615106597113792,28.052760769219034,15.794847141969354,0.8754796472665393,0.2400295912465105,0.23037319938454784,0.45503310223680343
mass_0.50g_trial_03,0.5,data/cleaned/0.50g/mass_0.50g_trial_03.csv,2_second_window,5,8000.0,10000.0,133.0,1991.0,66.66666666666667,0.5206250039807025,0.4614059845323963,0.11698147643480326,0.046999473684210515,0.5921305035848625,0.5921305035848625,0.5054374436090227,0.38793,1.2446505263157894,2.48506,2.1019868403678843,0.43069887623332737,-0.8484642342429307,18.44389980489546,18.299462411100265,0.38628611506099225,0.06516971558822306,0.042263163421459644,0.8832956233572249,0.10431030075187969,0.36857646904508723,0.36857646904508723,0.32418830007349203,0.30289,0.7438996992481204,1.39615,2.018304915599809,0.3361707545201514,-1.1447448901426105,18.44389980489546,17.960149056788225,0.3886293559516943,0.03675092815850302,0.04285044892364753,0.9099350019731971,11.502923834586467,1.5518664275070977,1.5518664275070977,1.3903242218327776,1.4635300000000004,2.8527461654135333,5.30508,1.838267852727606,0.14049935003915515,-1.3569470130072687,18.942383583406148,17.89826076064737,0.49841392156641545,0.02242369180815796,0.10362349427755863,0.8671171986054003,1.5984110665375417,0.5829567891390992,0.5829567891390992,0.47847998392239594,0.40858426413264937,1.3701669624892063,2.523258580654538,2.3503748271165104,0.014478125845759431,-0.7257689614686496,28.91205915361991,17.15270877640329,0.8910489261562389,0.17731455523055012,0.24190514347333492,0.5344991540094449
mass_0.50g_trial_04,0.5,data/cleaned/0.50g/mass_0.50g_trial_04.csv,2_second_window,1,0.0,2000.0,134.0,1995.0,66.66666666666667,-0.772398352402093,0.03310163109536985,-0.0694658545360029,0.07207455223880596,0.3728460279694028,0.3728460279694028,0.3318917297839163,0.31210499999999997,0.658164552238806,1.28768,1.765244907725871,-0.09809445440884496,-1.3403742378653318,24.378109452573725,21.045408012445705,0.4144732265880008,0.07244722938667267,0.10076681919660374,0.8231201039665313,-0.002057910447761194,0.3866176064415059,0.3866176064415059,0.32811003118734683,0.30449499999999996,0.9049720895522388,1.78627,2.340742052287157,-0.07380600676491116,-0.8183903571759377,24.378109452573725,18.548144105706665,0.5555091250473481,0.16803091284038063,0.1064997563368558,0.7161281224293347,11.544140298507463,1.513322265797381,1.513322265797381,1.3358273223435062,1.3130499999999996,2.836819701492537,5.17822,1.874564172884746,0.18954846564043193,-1.278638730307242,24.875621890381353,21.525027935195325,0.37473564581477736,0.09276723648782248,0.06852571363902268,0.8350057567581947,1.4737566789178278,0.637709076057675,0.637709076057675,0.5403165614395312,0.5269254337214919,1.4106684715796145,2.518210236410365,2.2120878070301013,0.09032858690240778,-0.9331637624989684,16.417910447651693,16.351226795446834,0.7829802977032825,0.0826461421156415,0.24569208379709154,0.6151756816044655
mass_0.50g_trial_04,0.5,data/cleaned/0.50g/mass_0.50g_trial_04.csv,2_second_window,2,2000.0,4000.0,132.0,1981.0,66.66666666666667,-0.20420450291443581,0.10139885491043028,0.08429118148669831,0.06747689393939395,0.38166904627179166,0.38166904627179166,0.341238748852158,0.326305,0.7670531060606061,1.42516,2.0097335991831446,-0.07127475974292849,-1.3028489709357112,24.547596102236884,19.723649149152273,0.6904491328844666,0.11743480648656628,0.1348945073411201,0.7208672380148238,-0.007184318181818182,0.3636452669345898,0.3636452669345898,0.3096503168044077,0.289585,0.8498143181818182,1.595,2.3369321573891884,-0.00543245295753884,-0.9175841724334521,24.547596102236884,18.348910302100997,0.7401557284008361,0.18686236402139375,0.09454246510752494,0.692994614574544,11.390865151515154,1.5487098859903912,1.5487098859903912,1.371579251606979,1.3337650000000014,3.227944848484846,6.01906,2.084279875582116,0.15630720226894473,-1.1924621459623757,25.048567451262127,15.119682947093395,0.6582959879051258,0.34594358798764635,0.10217820374593387,0.5391567112595655,1.4991562904486821,0.6549365380084285,0.6549365380084285,0.5620166237832841,0.5254387658972576,1.773169172335178,2.934054813865002,2.707390822517156,0.3517401979479125,-0.7139907999447614,0.5009713490252425,14.938260403955528,0.812493500705887,0.19678305271711385,0.21061307494105072,0.5521011365738945
mass_0.50g_trial_04,0.5,data/cleaned/0.50g/mass_0.50g_trial_04.csv,2_second_window,3,4000.0,6000.0,133.0,1988.0,66.66666666666667,0.520228336475621,0.051529478214338696,0.05725549925610708,0.0888042105263158,0.3820828304741967,0.3820828304741967,0.3372676216857934,0.29419,0.7414342105263159,1.4213300000000002,1.9405064854815226,-0.22977762156910442,-1.214420443845837,24.462564862846694,22.222942501641608,0.3296721635327188,0.05218120947172071,0.05626018495979676,0.884062411680988,0.008505714285714273,0.36933617312806066,0.36933617312806066,0.3141741783029001,0.32659000000000005,0.8214657142857142,1.5732599999999999,2.2241680454107207,-0.04590913802830653,-0.9837101081366062,24.462564862846694,21.43753599105597,0.5023028537143835,0.09491710746622531,0.044290642628685505,0.853194166950923,11.433364962406017,1.5159971644460477,1.5159971644460477,1.3609474803550228,1.3500099999999993,2.9120349624060164,5.8198599999999985,1.9208709822818748,0.13334805599170563,-1.2893715409410496,24.96180088045581,22.29437134804772,0.3486993021243452,0.07090581921031848,0.061892015009568535,0.8578800580103646,1.4864403948149176,0.6092116655112441,0.6092116655112441,0.5024467804798366,0.44598178874919814,1.4855730826772886,2.666330041365264,2.4385171308737355,0.2682271807236195,-0.5252641345783973,16.474788581100835,17.970815866062917,0.8601162195573099,0.09645213490257618,0.14674285272135823,0.7054856715135558
mass_0.50g_trial_04,0.5,data/cleaned/0.50g/mass_0.50g_trial_04.csv,2_second_window,4,6000.0,8000.0,132.0,1982.0,66.66666666666667,0.7738423069859595,-0.039111897061269274,-0.004603548287422413,0.14110537878787877,0.38264891385558186,0.38264891385558186,0.3441920925160698,0.32029,0.7111553787878787,1.41948,1.8585061999059553,-0.15489736049273087,-1.2975522034748248,24.535210836845007,21.483599034240786,0.5061874174791211,0.06923297499455067,0.0813919389861284,0.844425500340455,0.04717090909090909,0.36088859489030795,0.36088859489030795,0.30248133608815425,0.29030500000000004,0.7194609090909091,1.42402,1.9935817293134164,-0.05337871760626089,-0.9492094950080845,24.03449224833797,19.753094973127904,0.7048268406092081,0.1194379706758678,0.09052633238990819,0.7754620370667914,11.513498863636366,1.4762525774065447,1.4762525774065447,1.3208677341597799,1.2236399999999996,3.029011136363634,5.51573,2.0518244524828866,0.23258822987552036,-1.2967239041440346,25.035929425352048,22.36512737415191,0.5342143140710156,0.059408230058385095,0.07118679780332106,0.8539607690453772,1.4489836842691617,0.5970165192170059,0.5970165192170059,0.4902328075136129,0.43826911969434434,1.5929383348268795,2.885188943727815,2.6681645876667477,0.13458810923830095,-0.42850222342974487,16.523713420732353,16.34256992065658,0.8439035743343707,0.05851615790174331,0.27880558044542797,0.6233657960692199
mass_0.50g_trial_04,0.5,data/cleaned/0.50g/mass_0.50g_trial_04.csv,2_second_window,5,8000.0,10000.0,133.0,1993.0,66.66666666666667,0.29536374783552166,0.07634059615647146,-0.02216844521879532,0.14650090225563908,0.3918546590225542,0.3918546590225542,0.35158833286223073,0.33740000000000003,0.697790902255639,1.3729399999999998,1.7807390729925605,-0.17829922251623115,-1.3670054939500391,24.401193651403847,20.81536318917318,0.41680826477692695,0.06497015491963652,0.13429021329129381,0.790013517015563,0.0545572932330827,0.38091554984402276,0.38091554984402276,0.32295105093560966,0.31089,0.8137772932330827,1.56568,2.136371942721446,-0.07275282210942507,-0.9546909207444711,24.401193651403847,20.20654137892709,0.5162729501659458,0.12479085414438325,0.07856439189012657,0.7851245271570503,11.567731578947368,1.51309331815436,1.51309331815436,1.3571826671943017,1.3193599999999996,3.0438915789473686,5.77328,2.0117011571105508,0.030417329814619268,-1.282052610224061,24.89917719531005,21.389763925652026,0.40732009531709396,0.08658534592927862,0.08726459621270709,0.8172292867597449,1.4883347995818355,0.6107025820378742,0.6107025820378742,0.4999557494234407,0.43331104955642674,1.6328485344356056,2.7129891893648277,2.6737213538329865,0.2820562816122902,-0.5664855144919998,16.43345694890463,17.73360227238862,0.8477691678461616,0.08652868449631093,0.2499239890902837,0.5670492529358387
mass_0.50g_trial_05,0.5,data/cleaned/0.50g/mass_0.50g_trial_05.csv,2_second_window,1,0.0,2000.0,132.0,1987.0,66.66666666666667,-0.18329237580951088,0.019266956318575373,0.4703594754658313,0.07047810606060606,0.5565723580570915,0.5565723580570915,0.46634718434343436,0.411455,1.2702481060606061,2.35935,2.2822694797399694,0.15283543549605166,-0.8475342647164457,21.976178493683808,18.42239942456858,0.3835632644451488,0.14116229447570974,0.08060991305130903,0.7716946485962509,0.01564318181818182,0.3960522732416468,0.3960522732416468,0.3360348071625344,0.33265,0.9237331818181818,1.5762299999999998,2.3323516723121456,-0.373891828152348,-0.9393441296519902,21.47671989155463,18.171846878158874,0.6551692120850101,0.12110939006835333,0.10650585833054532,0.7656279518665057,11.678683712121213,1.7584119398998723,1.7584119398998723,1.4525291838842977,1.4173199999999984,4.147196287878787,7.048299999999999,2.358489608592476,0.23324673870137724,-0.9254536691236646,21.976178493683808,19.525930819766312,0.34335766272037527,0.09160424815433428,0.05517598593363452,0.8492034264093353,1.7029693047717027,0.8115037216679432,0.8115037216679432,0.6848250634450825,0.6121931292198386,2.4785661082576302,4.0940268311805355,3.0542880359972364,0.33918649290879843,-0.5425511951392132,21.976178493683808,18.077397701455396,0.7115825250103597,0.12511588244663668,0.13806386704695495,0.7079646946907928
mass_0.50g_trial_05,0.5,data/cleaned/0.50g/mass_0.50g_trial_05.csv,2_second_window,2,2000.0,4000.0,133.0,1989.0,66.66666666666667,0.1438329758870866,-0.17126136276966958,-0.4016030874215852,-0.005538345864661654,0.541091381875669,0.541091381875669,0.4775499383797841,0.48656,1.0356716541353383,2.03696,1.914042043222402,-0.1616998857631141,-1.217950016904719,21.955340840834573,19.27881671566833,0.36568823793628064,0.07888204359602184,0.10014520370013152,0.8174317893001848,-0.001225338345864657,0.4239482232848597,0.4239482232848597,0.36040287297190343,0.32544,0.9673646616541353,1.63708,2.28179907008159,-0.46781873838746124,-0.8849898504077021,21.955340840834573,20.087427272287282,0.5434354696711948,0.05764724656896725,0.05071901652275045,0.8853270135179446,11.536189548872178,1.4050581981245793,1.4050581981245793,1.1854308575951158,1.1168099999999992,2.964510451127822,5.7480899999999995,2.109884455380384,-0.006852068434105482,-0.8667676545303871,21.955340840834573,20.010681762887987,0.41627573108244403,0.06885706194096486,0.06049565335650059,0.8571615875849549,1.438024838043372,0.6154551850898117,0.6154551850898117,0.49776119472063957,0.3505300466713652,1.6196357949640716,2.875096355671329,2.6316063853255582,0.6038059056731262,-0.33544478196728855,20.45838578350494,14.896666787892501,0.8286747147687616,0.27464053801888383,0.18256879264214929,0.5264126651808376
mass_0.50g_trial_05,0.5,data/cleaned/0.50g/mass_0.50g_trial_05.csv,2_second_window,3,4000.0,6000.0,132.0,1988.0,66.66666666666667,-0.20795876986949757,0.025133730844706208,0.44895287410253737,0.054056818181818185,0.5826489178655325,0.5826489178655325,0.4889404132231405,0.430965,1.1280731818181817,2.2216899999999997,1.9361113480665997,0.11243934080393192,-1.0057041801616389,21.965124077656313,18.63794854256059,0.37740771513467886,0.09665405738228768,0.11853176493149858,0.7784742189021073,-0.009418181818181817,0.43929872821905147,0.43929872821905147,0.37520194214876035,0.29035999999999995,0.9317918181818182,1.72782,2.121089268706443,-0.4333978336974959,-1.0055574370443172,21.965124077656313,19.826632595337493,0.5984021918239172,0.041277731849796745,0.10776756026950891,0.8488181008824975,11.538467045454546,1.6263433106254874,1.6263433106254874,1.3462570695592286,1.1424599999999998,3.5213129545454542,6.59984,2.165171972940428,0.2476254571348885,-0.8195844283930049,21.965124077656313,20.06709192337636,0.3838805753050909,0.06506559170105351,0.047985304974803335,0.8772309268434823,1.6358416399096316,0.7081509918504596,0.7081509918504596,0.6061139049865731,0.4127352276511828,1.9058572035640857,3.0831648434065317,2.691314741484604,0.6876238084145451,-0.556013980634416,21.965124077656313,15.583112288468874,0.7793147456799066,0.255249093120253,0.14435655453383386,0.5590549766882049
mass_0.50g_trial_05,0.5,data/cleaned/0.50g/mass_0.50g_trial_05.csv,2_second_window,4,6000.0,8000.0,134.0,1989.0,66.66666666666667,0.0408730251888521,-0.3147160483683424,-0.5193374593617447,0.004562089552238807,0.5445308743615437,0.5445308743615437,0.45572875027845844,0.40904,1.2648620895522389,2.44133,2.322847333560793,-0.08755655301121786,-0.6863716764116852,21.956582097148704,18.744289351283467,0.369060317381109,0.09636929568479742,0.113987093377315,0.7819527025829511,0.05354940298507463,0.39737300408152776,0.39737300408152776,0.3285650412118512,0.285215,1.0108994029850746,1.56312,2.5439559119563935,-0.6745556347648315,-0.5706398410558027,21.956582097148704,18.875192589580077,0.622702832162767,0.10195044189624404,0.0811575439032051,0.8065793957307203,11.360169552238807,1.7587108798092712,1.7587108798092712,1.5124416551570505,1.6486449999999992,3.7292795522388067,6.960960000000001,2.120461978743908,0.08800976882593069,-1.1220498759414765,21.956582097148704,20.08053322049556,0.327306627416765,0.07397187200301149,0.03715514823990149,0.8879116697315806,1.7220663360441437,0.7628700220409268,0.7628700220409268,0.6486168761257718,0.6150979619352558,2.1010776385048535,3.512174820138989,2.7541751252510664,0.265581617098828,-0.7469561925194972,21.956582097148704,18.212417334844034,0.6859576224626123,0.17012406729628712,0.07634625735293504,0.7120960326228715
mass_0.50g_trial_05,0.5,data/cleaned/0.50g/mass_0.50g_trial_05.csv,2_second_window,5,8000.0,10000.0,132.0,1985.0,66.66666666666667,-0.035741055337429495,-0.24863622096497084,0.43609427905209575,0.011800833333333335,0.5245163176449524,0.5245163176449524,0.44729890151515145,0.450015,1.2123708333333332,2.32938,2.3114072766635885,-0.05226354144553201,-0.9341420862072387,21.99832073893144,18.87186818147161,0.4232277689713231,0.10602637270128505,0.08550062927229335,0.8064738345095563,0.051620227272727276,0.4643921812767835,0.4643921812767835,0.39760851928374663,0.322315,0.9398002272727273,1.86873,2.02372103830188,-0.4706300406045911,-0.9996235576770474,21.498358903955726,19.78957650933743,0.48981428154795664,0.06385421320272684,0.0529887583222126,0.8770936323090813,11.476149393939394,1.6410801540660132,1.6410801540660132,1.35362854912764,1.3111350000000002,3.4684293939393935,6.36637,2.1135039536891957,-0.1642258805412727,-0.8827800357352262,21.99832073893144,20.75257651074646,0.3507201643247387,0.04359803911908647,0.034073744997630946,0.917474447380342,1.6048836874100763,0.779916590066653,0.779916590066653,0.6706110725029475,0.622061985451146,1.8683488203317313,3.1332406949800107,2.39557517320161,0.4332032778208284,-0.8891392827739608,21.99832073893144,15.651784973479684,0.6730426351033415,0.26296512278468165,0.09516718773279867,0.6352372579323025
mass_0.50g_trial_06,0.5,data/cleaned/0.50g/mass_0.50g_trial_06.csv,2_second_window,1,0.0,2000.0,133.0,1990.0,66.66666666666667,0.13853175099974271,0.49006158811570866,0.5792017190180347,-0.01587421052631579,0.33019685446193636,0.33019685446193636,0.28026827067669174,0.20735,0.6518942105263158,1.30097,1.9742592993158368,0.47972230082997597,-0.9139402894059949,24.437979370651266,20.96138981955467,0.5805693837076532,0.09399171585756534,0.058287352089024275,0.8403769902403937,0.03245601503759399,0.21945378707500968,0.21945378707500968,0.18506431680705523,0.17203,0.461413984962406,0.9020900000000001,2.1025564931567753,0.20753708106770255,-0.9304039128822312,23.93924509778083,21.877706511046078,0.5196348986350743,0.0494719266341027,0.05147907742441233,0.8890537298928602,11.518302255639098,1.4014246800608423,1.4014246800608423,1.2290709989258861,1.0680099999999992,3.1897377443609027,5.50019,2.2760679112789863,0.35505601898551886,-1.1008080068587796,23.93924509778083,22.395685134851078,0.3349022558495103,0.026645545856868447,0.060370225695189315,0.9020162384731991,1.3130449365124772,0.6301539938306344,0.6301539938306344,0.5154494855957449,0.4553497269453437,1.903795374455301,2.9935407366548823,3.021158943835848,0.36973558399720335,-0.17565017021239226,18.453168096206056,16.47304043964174,0.817948807255014,0.08751513878008603,0.2544340957468281,0.6019435444786264
mass_0.50g_trial_06,0.5,data/cleaned/0.50g/mass_0.50g_trial_06.csv,2_second_window,2,2000.0,4000.0,132.0,1984.0,66.66666666666667,0.10780113187057516,-0.26309390861446524,0.4507042417630402,-0.04761454545454546,0.3106068423053726,0.3106068423053726,0.26514287878787884,0.20086,0.7747945454545455,1.35793,2.494454210035745,0.5050767698520604,-0.830402604585033,24.010263929633453,20.120442156820673,0.7073438722984837,0.0791203782350965,0.124073748153988,0.7512342327095117,0.045943257575757575,0.23403175980563307,0.23403175980563307,0.1994428948576676,0.185455,0.4413832575757576,0.85836,1.885997259270849,0.1293900862675915,-1.0781042733093862,24.010263929633453,19.407508443517802,0.6565004550410523,0.10870721607667877,0.10486545054579569,0.7755246658260034,11.543115227272727,1.4264023568725672,1.4264023568725672,1.2531050103305785,1.1828149999999997,2.892744772727273,5.34774,2.0280005559369014,0.24674379074846695,-1.255505131699396,24.010263929633453,22.233631926785854,0.45869572655698093,0.02129968759366522,0.080467985024785,0.8798568830357498,1.3441878465391073,0.6156542796024477,0.6156542796024477,0.511548447823225,0.47421547591167423,1.579058336457728,2.8262781316534955,2.5648458701162418,0.12560279223477644,-0.7640179871934505,19.008125610959816,14.863721259488592,0.9143015742470225,0.10743360321888198,0.3923086849702672,0.46440424292630966
mass_0.50g_trial_06,0.5,data/cleaned/0.50g/mass_0.50g_trial_06.csv,2_second_window,3,4000.0,6000.0,132.0,1985.0,66.66666666666667,-0.07032219027399242,0.08371029311074607,-0.624128032701124,-0.07768575757575757,0.30260568501219337,0.30260568501219337,0.2570358815426997,0.221485,0.7175757575757575,1.21604,2.371322791066675,0.5108533854675079,-0.7837188658296892,23.998168078834297,19.321757252334635,0.7828460413639898,0.08630123736674565,0.13706428507835133,0.7597996727704331,0.03406780303030303,0.24103129837415493,0.24103129837415493,0.20523324265381085,0.20429000000000003,0.4904821969696969,0.96522,2.034931563984347,0.1033927308647463,-0.9679055684895848,23.998168078834297,18.719714879515074,0.7067130514102999,0.14124042227202285,0.10482556465019674,0.748014815045453,11.511696893939394,1.3951817879348374,1.3951817879348374,1.2448864026629936,1.2244699999999993,2.593873106060606,4.99333,1.859164969390895,0.19302346227534195,-1.3493401857555753,23.998168078834297,21.570597141948667,0.4155504930289516,0.07988981258618436,0.06782674401372812,0.8428020169365654,1.322404258395366,0.5894450662788527,0.5894450662788527,0.48194232187915886,0.4176766982056717,1.3087125046815966,2.4585567909529438,2.22024507380044,-0.032896863339826964,-0.6876918394001734,17.49866422415001,14.50435472174983,0.8399231504938184,0.1423039387940109,0.2621911181511519,0.5753151565902529
mass_0.50g_trial_06,0.5,data/cleaned/0.50g/mass_0.50g_trial_06.csv,2_second_window,4,6000.0,8000.0,133.0,1994.0,66.66666666666667,-0.21989858655028882,0.11369710499496076,-0.4954345176019942,-0.035343609022556385,0.31095445762893603,0.31095445762893603,0.2612934151167392,0.18349000000000001,0.7530036090225564,1.29156,2.421588083233463,0.5563500802128638,-0.6627719154052669,24.388956342716174,20.665157924943937,0.6241664465131259,0.06656216834748616,0.10812249107850316,0.81266439311693,0.05117052631578948,0.23191537577481924,0.23191537577481924,0.195768389394539,0.18492,0.4781094736842105,0.9383999999999999,2.0615686738616072,0.16398881349410233,-0.970076595446637,23.8912225398036,20.684898300684043,0.4878706654005519,0.0699855798252469,0.08855802011723661,0.8374721457013621,11.526272255639096,1.4058501154403458,1.4058501154403458,1.2453312657583806,1.0665899999999997,3.224807744360904,5.935650000000001,2.2938489024847555,0.365680068362389,-1.091060624733141,23.8912225398036,21.241995063811384,0.41333956306650094,0.06445569653504249,0.08463615173405785,0.8391670107370767,1.326216687314357,0.606664043447977,0.606664043447977,0.48725235614622747,0.42815078517314975,1.8986649462891134,2.9587769526687255,3.129681026582761,0.5784835090036555,0.07667477116678745,17.9184169048527,13.792988168630659,0.8565699306465597,0.21813356548986707,0.24007850177781392,0.5240222445186032
mass_0.50g_trial_06,0.5,data/cleaned/0.50g/mass_0.50g_trial_06.csv,2_second_window,5,8000.0,10000.0,133.0,1975.0,66.66666666666667,-0.08506261666396299,-0.35387719259360056,0.4202151657891319,-0.05213842105263158,0.2982897879600747,0.2982897879600747,0.2504580213692126,0.199,0.6577584210526316,1.17599,2.2050986912789345,0.3874340880106907,-0.8597668614271536,24.121062148927976,20.17801444306971,0.5436073520346023,0.06027661869456748,0.13664470916690633,0.789267766161859,0.052131278195488726,0.23256456934560682,0.23256456934560682,0.20067320594719884,0.19245,0.46150872180451125,0.92091,1.9844326377965071,0.02417800183878318,-1.0538455539548064,23.61854002082531,20.908044204131837,0.57079455361998,0.03789020505422638,0.09215107982762748,0.8645552088329658,11.494317744360902,1.3548626002670643,1.3548626002670643,1.2203468324947706,1.2314299999999996,2.942492255639097,5.19885,2.1718012254962877,0.16816533926609942,-1.30663924962144,24.121062148927976,22.505463731823912,0.49960174046642364,0.038226572800613,0.052872659384678306,0.8908515677992145,1.2947446313344557,0.5498655124202733,0.5498655124202733,0.44512741151880775,0.41657943912519,1.6480806129360868,2.723579915142296,2.9972430998298827,0.17050614354654167,-0.20245552945446743,19.095840867901316,16.12805913465409,0.8442686610144887,0.13537948546952838,0.223839885856614,0.5920171221975639
mass_0.50g_trial_07,0.5,data/cleaned/0.50g/mass_0.50g_trial_07.csv,2_second_window,1,0.0,2000.0,133.0,1992.0,66.66666666666667,-0.5103030024238862,0.36807454627135044,0.04478980185909236,0.066636992481203,0.6589596867745116,0.6589596867745116,0.5551936762960031,0.5309,1.314753007518797,2.5331,1.9951949017614037,0.2649239134446817,-0.9735764792158026,20.427574961395603,19.404207296097947,0.2664364453827389,0.042985477928633026,0.045231920955381845,0.9073034050740697,0.1137915037593985,0.39739515995118246,0.39739515995118246,0.3539460794844253,0.30457,0.7663784962406015,1.49468,1.9285048573182078,0.30007635345754907,-1.2491489936392948,20.427574961395603,19.219831435534232,0.5621138528740417,0.07434696588220079,0.04473303143165689,0.8780216494965797,11.612557744360902,1.7894555613070298,1.7894555613070298,1.5240826751088248,1.4880499999999994,3.6565622556390966,7.20773,2.0433937196899823,0.029811883049298174,-0.9951627358111859,20.427574961395603,19.26100846003991,0.3199245686264034,0.05886424733159475,0.0441725758209028,0.8933266855938234,1.7886316384545098,0.77142650314776,0.77142650314776,0.6355738736514654,0.6101780726859141,1.9534514581155267,3.3797231132767176,2.5322586794005444,0.45603814979078977,-0.4930739592561224,20.427574961395603,17.435106030572374,0.8189797496390773,0.1601851962104006,0.1625179198634209,0.6534931045249099
mass_0.50g_trial_07,0.5,data/cleaned/0.50g/mass_0.50g_trial_07.csv,2_second_window,2,2000.0,4000.0,132.0,1992.0,66.66666666666667,0.3082300669986645,0.4762871268159865,-0.20699992343461657,0.10502272727272727,0.5961810157324994,0.5961810157324994,0.5021879752066116,0.4442,1.4349572727272726,2.61514,2.4069154080060877,0.3606264039835064,-0.8835309321181808,20.426402580043078,19.461967182941812,0.2499563621419341,0.04429291670825942,0.04070602974180661,0.9120669191199533,0.08850219696969695,0.3681363283821888,0.3681363283821888,0.3232780509641873,0.252205,0.741537803030303,1.33563,2.014302164334239,0.39033568325154244,-1.188474073612002,20.426402580043078,19.590474436179147,0.6104941845085597,0.05061896803192956,0.06242326969211068,0.88417322426225,11.61418303030303,1.8869910081304202,1.8869910081304202,1.617611694214876,1.591755,3.7700869696969708,7.506670000000001,1.9979358425413332,0.015074957461953685,-1.0418059670222342,20.426402580043078,19.119635820910194,0.31625396063649314,0.06267911753767352,0.04754741027568733,0.8866094586729932,1.8258067919942147,0.8474200746190801,0.8474200746190801,0.7068178885118219,0.6537066254740963,2.074919737226192,3.491644172004792,2.4485137883462103,0.3997548475816199,-0.6544190960449145,20.426402580043078,17.133637835629276,0.7803495470453002,0.17213817875499715,0.14593303876213773,0.655260293585556
mass_0.50g_trial_07,0.5,data/cleaned/0.50g/mass_0.50g_trial_07.csv,2_second_window,3,4000.0,6000.0,132.0,1978.0,66.66666666666667,-0.11710522927962834,0.5108581291987832,0.34104725147281556,0.08959196969696968,0.6392562492606917,0.6392562492606917,0.5350954224058769,0.49395,1.4259780303030305,2.62305,2.23068297252032,0.24088906693736964,-0.8463249375680149,20.570977724748037,19.186673580941072,0.46233339246885125,0.0413163178860367,0.06645251108762563,0.8828891627739147,0.028130227272727272,0.3744164655742722,0.3744164655742722,0.3192264669421488,0.29353,0.7824402272727273,1.56308,2.08975912977715,0.23880182789393092,-0.9894742961263208,20.570977724748037,19.105927625596713,0.41750153479968094,0.07626131943329827,0.05508114037035445,0.8568533440008942,11.670471212121212,1.7800379172604426,1.7800379172604426,1.5492180486685034,1.4552499999999995,3.472218787878788,6.86941,1.950643160019134,0.0038767038180773346,-1.122794912782642,20.570977724748037,19.682255510695807,0.43530172429538705,0.03878174783580699,0.053369738878792684,0.899095101707547,1.7681210918256585,0.7688426584406682,0.7688426584406682,0.6575581554421106,0.6323679178917023,1.78078498072077,3.1347571950651094,2.316189094310242,0.30406864536688283,-0.9969549520690646,20.570977724748037,17.763973928538153,0.8257971294080232,0.12816179483756157,0.18806979975556604,0.6369711575087387
mass_0.50g_trial_07,0.5,data/cleaned/0.50g/mass_0.50g_trial_07.csv,2_second_window,4,6000.0,8000.0,132.0,1986.0,66.66666666666667,-0.15241874471880387,0.5729604671481621,-0.5337687888787405,0.04030053030303031,0.619778294075016,0.619778294075016,0.515674214876033,0.49044,1.3410594696969695,2.62309,2.163772888655975,0.19539198935508087,-0.8813419974874042,20.488113766152143,19.336309268815207,0.3654257371421602,0.062466055193696836,0.043527299622511145,0.8852843656988163,0.06323765151515152,0.37635164200409915,0.37635164200409915,0.32928107438016524,0.26176,0.7546823484848485,1.37419,2.0052585514603085,0.3319913385460046,-1.1311242610455123,20.488113766152143,19.076042930278103,0.5011962991113978,0.06663422005458804,0.05589949294489822,0.8746282036903321,11.535511515151514,1.795903564223349,1.795903564223349,1.5349776675849403,1.44916,3.8009315151515137,6.96568,2.116445220595825,0.06694485144073913,-1.0623043068130307,20.488113766152143,19.550347298341347,0.3729708233918281,0.03955732224371183,0.05371287997900619,0.9013573816460697,1.7470786995024152,0.8359134656056192,0.8359134656056192,0.7090676374253227,0.6728904321636857,2.1026407171543156,3.5763602623755846,2.515380842239397,0.240902119300188,-0.9050468702003815,20.488113766152143,18.183991786728278,0.8128492757265974,0.13771293991035038,0.16488715998629241,0.6548279304472066
mass_0.50g_trial_07,0.5,data/cleaned/0.50g/mass_0.50g_trial_07.csv,2_second_window,5,8000.0,10000.0,131.0,1983.0,66.66666666666667,0.32236707875711806,0.6337862929517638,0.5602625950590006,0.042339923664122134,0.6293787713905621,0.6293787713905621,0.517279001223705,0.4941,1.4105700763358777,2.57286,2.2412101272804863,0.30238341837578653,-0.7766188223444432,20.517913716927115,17.92132844397757,0.4114212319532508,0.11030777732922276,0.06900558369397777,0.8133231968473396,0.035703587786259545,0.38452359631200217,0.38452359631200217,0.3348230394499155,0.31733,0.7516464122137404,1.42293,1.954747171364368,0.3623353725388698,-1.0936978734302125,20.517913716927115,18.294042710560586,0.5351528163996402,0.07708712472115949,0.08493152003319895,0.835033971593152,11.630424427480916,1.8105609076018743,1.8105609076018743,1.587738965095274,1.6594700000000007,3.5754355725190834,6.7447,1.9747668015514719,0.04728962026881151,-1.2246714916885344,20.517913716927115,19.261435601704108,0.3878771708029946,0.05212930365299934,0.06103592353633332,0.8853250647823914,1.7877257148061914,0.7912923623760212,0.7912923623760212,0.6532189087602658,0.6396997544840817,1.9790432669855245,3.5326214356508725,2.501026625662141,0.16175864668570528,-0.8016932073410201,20.517913716927115,16.166101061007524,0.8006699110257505,0.13843842443476784,0.22545316774857338,0.6183201769945229
mass_0.50g_trial_08,0.5,data/cleaned/0.50g/mass_0.50g_trial_08.csv,2_second_window,1,0.0,2000.0,133.0,1986.0,66.66666666666667,0.13043165169342405,0.08269862474664105,-0.11585754185325155,0.012279699248120304,0.524404597790073,0.524404597790073,0.452969015772514,0.44743,1.0622203007518798,2.0521599999999998,2.02557396565219,0.06411108239403226,-1.074707699039687,28.485110055939227,23.31228983051607,0.7628140385493699,0.08734933500166465,0.1405154995918033,0.6640117695280149,-0.05346842105263158,0.351051924203501,0.351051924203501,0.30456662445587657,0.27897000000000005,0.7213884210526316,1.39977,2.05493367594946,0.14762553413748852,-1.1200970175674345,27.985371283028012,20.779522103531612,0.6825906091039983,0.1773265668435586,0.14281900833922423,0.6296013297374804,11.238861052631579,1.8199911032986151,1.8199911032986151,1.5017368025326474,1.4597800000000003,4.099688947368421,7.75629,2.252587356024984,0.12008985013364072,-0.7772508354910683,28.984848828850442,22.349532683173308,0.7438816194164789,0.11720592612181967,0.1685858251721219,0.6404824226603599,1.6998974228252497,0.9060651210749332,0.9060651210749332,0.7530283690457562,0.6843958626103568,2.4222926515550522,3.7409798286167333,2.673420039258662,0.5720843237926863,-0.5362083685858838,5.996865274934574,11.434202551062198,0.7641667772032704,0.051369690839887794,0.754269629122282,0.17897238231420798
mass_0.50g_trial_08,0.5,data/cleaned/0.50g/mass_0.50g_trial_08.csv,2_second_window,2,2000.0,4000.0,133.0,1993.0,66.66666666666667,-0.6392720443140771,0.024206768671508262,0.0636720736313275,0.06479496240601505,0.544113057257065,0.544113057257065,0.4692101882525863,0.47547999999999996,1.375154962406015,2.5027,2.527333141642153,-0.07086642305069465,-0.8682991006065319,28.385062002653456,21.6978672778553,0.6166222859846333,0.13349168197952738,0.1310149471191338,0.6978021897019544,-0.0362227067669173,0.3565383974494631,0.3565383974494631,0.31053307818418224,0.28891,0.7960727067669173,1.56949,2.232782534677083,0.18595140743748606,-0.9941298073589975,27.887078458747254,22.895694596456043,0.6422233981277369,0.09167769252743563,0.12477379057555546,0.7416529331486974,11.446955939849625,1.856609152884093,1.856609152884093,1.5205823709650066,1.2924299999999995,4.3021859398496245,8.59227,2.317227582965712,0.1561896360435444,-0.7156554960803398,28.883045546559657,24.589213084705737,0.5347027957435143,0.06539264863826141,0.1110890671129623,0.742934763973251,1.728750184110298,0.9389350326007975,0.9389350326007975,0.8086943765496456,0.7006905988422492,2.607618314624198,3.9937912438378853,2.777208458610007,0.5721995620000373,-0.5445934829571386,8.465720246405416,10.321665502771284,0.7850522762033648,0.14767869676270895,0.6928029983812347,0.13579377144893334
mass_0.50g_trial_08,0.5,data/cleaned/0.50g/mass_0.50g_trial_08.csv,2_second_window,3,4000.0,6000.0,132.0,1978.0,66.66666666666667,0.5482968870436151,-0.061654090759710845,-0.0018157596659869734,0.058955151515151516,0.5479869779315497,0.5479869779315497,0.48146719008264466,0.472715,1.0366051515151515,1.9298600000000001,1.8916601913205249,-0.1193934306189667,-1.212802509242904,28.598676349039955,21.345352261163605,0.7145849787083809,0.163315196984974,0.10823053669240744,0.6998278407144738,-0.007873257575757572,0.34736835224754725,0.34736835224754725,0.3089694731404959,0.30993,0.7405832575757575,1.31399,2.131982527435289,0.18174596887763042,-1.1862380174075864,28.09694518502171,23.636751625446685,0.5404606310737688,0.04270321184858723,0.17556628883347994,0.7302924947649264,11.447455909090907,1.9952569161183513,1.9952569161183513,1.663237844352617,1.5666400000000005,4.730914090909094,9.372950000000001,2.371080161502607,0.046743583274215364,-0.7515906605398763,29.100407513058197,20.73222434569099,0.7520482294853805,0.17190405497420833,0.15562226119463662,0.6026501596196553,1.8477912478415088,0.9938169679795984,0.9938169679795984,0.8313581708954358,0.7213957688463876,2.926605430408923,4.388135447880077,2.9448133053701313,0.6192142409368406,-0.1510804378460624,9.031160952328406,11.097888317307293,0.7749017412544068,0.105272822500427,0.7025982254056128,0.15646868026382843
mass_0.50g_trial_08,0.5,data/cleaned/0.50g/mass_0.50g_trial_08.csv,2_second_window,4,6000.0,8000.0,133.0,1996.0,66.66666666666667,-0.36944810139168016,0.10775045090011799,-0.2412150908121719,0.02070887218045113,0.6395599679721695,0.6395599679721695,0.4915333337102154,0.4294,4.1954411278195485,5.32888,6.559887012818966,1.9323192920952292,11.802615128953288,28.34239908403568,18.437529698630147,0.8899453459736408,0.11236274765609727,0.280506592314945,0.5525892486423171,-0.039552631578947374,0.4114788359459337,0.4114788359459337,0.3051792956074396,0.26478999999999997,2.7138573684210527,3.47562,6.595375342166177,-1.8368654148524037,12.231013656083201,28.34239908403568,17.379140188694212,0.9196152733015028,0.199366702602198,0.23925894272201936,0.48951660272575076,11.749242631578948,1.9221220336572074,1.9221220336572074,1.5977209734863476,1.4787499999999998,5.204977368421051,8.99743,2.7079328353140926,0.11257517166669481,-0.7502713188335179,28.83963415568543,20.481485038577052,0.696499984101688,0.14272560897411332,0.17253667353794025,0.6579931267633857,1.786627764161319,1.0396471178541438,1.0396471178541438,0.8468505944218595,0.798867955952008,5.428532489007583,7.008308661928755,5.22151448869709,1.2096781759502322,3.82869741820084,8.950231289695479,10.952053528825408,0.8113501399797824,0.10075422662320287,0.7167838491851324,0.15094134244271917
mass_0.50g_trial_08,0.5,data/cleaned/0.50g/mass_0.50g_trial_08.csv,2_second_window,5,8000.0,10000.0,132.0,1975.0,66.66666666666667,-0.5842849136296155,0.015131781007910053,0.13356835757992577,0.06329499999999999,0.5319268311874493,0.5319268311874493,0.4682766666666667,0.484325,1.004905,1.956,1.8891790018501147,-0.05003106879559194,-1.3042145993377101,28.139624088934163,23.580747497687028,0.5873875530722183,0.06667821905951396,0.13772515257562118,0.7318921077132431,-0.02760712121212121,0.3484685196740644,0.3484685196740644,0.3057122314049587,0.304765,0.6922928787878788,1.38225,1.9866726539183688,0.18498594637785062,-1.1858577859934498,28.139624088934163,24.166010902448452,0.4298084712192761,0.06836824186017884,0.10865729658261851,0.7818930044688268,11.667266212121211,1.9001834134249642,1.9001834134249642,1.6204194674012855,1.3897650000000006,4.413676212121211,8.57714,2.3227632558721423,0.09296381701383516,-0.820417471990472,28.642117376236556,23.18397598003171,0.6249421533327019,0.11217525284355723,0.10787894307852304,0.7100287553461315,1.7856867795057643,0.9090633603300905,0.9090633603300905,0.7507532937976218,0.6477709508210864,2.6619621886167835,4.07533189028749,2.928247144016669,0.6950979589309927,-0.09376304840469718,9.547372458745519,13.278937557258267,0.8082469168950513,0.11167551168851245,0.5664811588507557,0.2801029409897679
mass_0.50g_trial_09,0.5,data/cleaned/0.50g/mass_0.50g_trial_09.csv,2_second_window,1,0.0,2000.0,133.0,1990.0,66.66666666666667,0.5872951944839623,0.23665707324741342,0.3705298962019977,-0.056531954887218044,0.399765449436411,0.399765449436411,0.34146070100062187,0.28322,0.8022819548872181,1.59265,2.0068816752880334,-0.33923533895795743,-0.9826400525182293,19.949370914817358,19.378438636171644,0.44397164069954476,0.0376265163755008,0.05816193111358723,0.9000418380553218,0.022040225563909777,0.312507013545275,0.312507013545275,0.2659540686302222,0.25467999999999996,0.6570897744360902,1.2336900000000002,2.102640087918837,0.182045613282286,-1.006869215191742,19.450636641946925,17.79809212164688,0.5299142728225937,0.07481329519982165,0.053116984064119015,0.8703540097581753,11.40829007518797,1.5860149456622104,1.5860149456622104,1.3753925637401776,1.243640000000001,3.0832599248120296,5.816660000000001,1.944029552334813,0.3198525075775895,-1.0953002905904266,19.450636641946925,19.099079028122965,0.4731162595431353,0.025907051595652514,0.04428243029851021,0.9136018519951868,1.5173684166150565,0.6859369826748684,0.6859369826748684,0.568943643170976,0.4825349393867169,1.5661664091144312,2.694000711241754,2.2832511566981486,0.48544068251442796,-0.6377291273815868,26.931650735003434,20.09826577018604,0.813004435213049,0.07461240217299128,0.21736314448025013,0.6606952145856633
mass_0.50g_trial_09,0.5,data/cleaned/0.50g/mass_0.50g_trial_09.csv,2_second_window,2,2000.0,4000.0,132.0,1979.0,66.66666666666667,-0.5006335339371257,-0.13081005572668641,0.7164154835071026,-0.02224787878787879,0.3820875316639843,0.3820875316639843,0.31921595500459143,0.2721,0.8853721212121212,1.56183,2.3171971023402453,-0.3258954100581372,-0.838823552373158,20.05910545588755,18.72062611392694,0.6044357362786789,0.07538462710915118,0.06360507742734325,0.8493990639186981,0.036188257575757575,0.2950495276361709,0.2950495276361709,0.25270017447199267,0.250795,0.5998617424242424,1.11792,2.033088299547929,0.12166293965953656,-1.1173804427055851,19.557627819490364,18.47496187083003,0.25908098939584073,0.05010083160659584,0.03851783938932848,0.907368999900692,11.4685053030303,1.5582648926821836,1.5582648926821836,1.3372969444444438,1.2087999999999992,3.5967946969697007,6.22499,2.308204923219871,0.3707274239807535,-1.050170917871151,19.557627819490364,18.756390328831202,0.2421149394247904,0.0362089818858318,0.03600740771211842,0.9253398320148274,1.4518149573775443,0.7439542397970862,0.7439542397970862,0.6122966219458668,0.5996956401611615,2.1684964027326963,3.4517846591975756,2.914824980800102,0.2804724996682412,-0.6457251520437719,27.079792365448196,21.73592369303449,0.6373788288464263,0.06191597895366348,0.16476978251101143,0.7368793637182981
mass_0.50g_trial_09,0.5,data/cleaned/0.50g/mass_0.50g_trial_09.csv,2_second_window,3,4000.0,6000.0,132.0,1990.0,66.66666666666667,0.29414271880285187,0.004706302251035997,0.8510981285689445,-0.015966060606060605,0.386348781797746,0.386348781797746,0.32351767217630856,0.28578499999999996,0.8106239393939394,1.57806,2.098166158624778,-0.29663556696655186,-0.8816364525411609,19.948225978324217,19.146360520615072,0.475117205182979,0.048139127598027825,0.0604867276519943,0.8860281196781358,0.029908863636363636,0.30478845619506206,0.30478845619506206,0.26242406336088153,0.27018,0.6299111363636363,1.20424,2.0667158600012674,0.17001487227790477,-1.140879633593131,19.449520328866114,18.634911720547557,0.4518067436331271,0.05394945295139611,0.036403012500987826,0.906425281223309,11.545067651515152,1.6280764153618108,1.6280764153618108,1.4170016448576679,1.3122150000000001,3.4718523484848482,6.036100000000001,2.1324873425632735,0.40131405822351146,-1.0415415392110858,19.449520328866114,18.774561617983817,0.41426353514357334,0.03984124597436075,0.03118404641379924,0.9264360573613885,1.5221382491579698,0.7588737371487072,0.7588737371487072,0.6222127276203706,0.5247931468683529,1.9817882713279764,3.284721286084501,2.611486172619556,0.4128304902927848,-0.37931589117432285,26.43139942127959,18.493060502885957,0.7901588050398928,0.14370489367637543,0.20916751516926585,0.5979947442184834
mass_0.50g_trial_09,0.5,data/cleaned/0.50g/mass_0.50g_trial_09.csv,2_second_window,4,6000.0,8000.0,134.0,1992.0,66.66666666666667,0.12231945064557068,0.03554045827674618,0.8663676177405529,-0.04684641791044776,0.3787614086541501,0.3787614086541501,0.30773664067721096,0.26807000000000003,0.8406635820895523,1.5801500000000002,2.219506958421861,-0.2097044305642178,-0.7083201271252952,19.93046814119696,19.065566877705905,0.5076611243101415,0.05058767499776046,0.07720360278640431,0.8505289065133714,0.019073955223880595,0.2982461900621616,0.2982461900621616,0.24646466696368902,0.219675,0.6543960447761195,1.21022,2.19414720650657,0.21051834359565216,-0.8787614708712881,19.432206437667034,18.526337487816182,0.44458925604617167,0.050197554706201235,0.055330800100420685,0.8920869995052634,11.422880746268655,1.5649253153237805,1.5649253153237805,1.3798436155045664,1.28667,3.1404792537313444,5.770529999999999,2.0067917765657617,0.3193174295562169,-1.1724822704373665,19.432206437667034,18.64462782922909,0.37483877463292864,0.03847279082413941,0.040941435518410195,0.9138520239202094,1.481521636078435,0.6974925655123377,0.6974925655123377,0.5777965414223004,0.5228116802535339,1.6832478430049937,2.93782179011297,2.413284278906367,0.23181825726784488,-0.662470162287875,27.902655397675744,19.275218789421633,0.8216358087863412,0.1372862575667833,0.2080612610526825,0.6016741904002084
mass_0.50g_trial_09,0.5,data/cleaned/0.50g/mass_0.50g_trial_09.csv,2_second_window,5,8000.0,10000.0,132.0,1976.0,66.66666666666667,-0.5138037672611678,-0.07482421004707367,0.6262724487643716,-0.020219848484848483,0.3645888228040095,0.3645888228040095,0.30311194674012854,0.253375,0.7779701515151515,1.4064999999999999,2.1338288583063934,-0.32314769191362436,-0.8049837387770706,19.587320574161563,18.99201405215689,0.6190624587945078,0.06218200916071311,0.06312518551141816,0.8564888335122884,0.018127575757575756,0.30402907721815536,0.30402907721815536,0.25819610651974295,0.21673499999999998,0.6827475757575757,1.30762,2.2456653883393916,0.21445778679547844,-0.8853189009975764,19.587320574161563,18.05061526362493,0.2646784475951354,0.06299445091576948,0.05282187053119419,0.882001053815457,11.535218484848487,1.6148169993111823,1.6148169993111823,1.3964314233241508,1.3019550000000004,4.303931515151513,6.92704,2.6652750850327944,0.41316798477024164,-0.8991044983033922,19.587320574161563,18.085142743863866,0.26031884343369055,0.06123447954605506,0.061616227008931525,0.8733288413622294,1.5045770320355834,0.7544803413231536,0.7544803413231536,0.6048746482595916,0.5162700945799386,2.808964200665012,4.183752787240833,3.7230449182265666,0.5670566512714781,0.5765577408274716,0.5022389890810657,16.482109458685457,0.8458518487027287,0.20791391281169888,0.220944492591732,0.5532460458176139
mass_0.50g_trial_10,0.5,data/cleaned/0.50g/mass_0.50g_trial_10.csv,2_second_window,1,0.0,2000.0,133.0,1997.0,66.66666666666667,0.07674856742430249,0.542579931156714,0.20034886042017483,-0.020373308270676693,0.39734855538210195,0.39734855538210195,0.3437397286449206,0.30510000000000004,0.8173433082706767,1.55573,2.0569932800804964,0.33315611127389977,-1.0586951592815108,20.37642930547031,19.206947415954577,0.5232916738414467,0.05660945142152013,0.05828658663212242,0.8756362412751444,0.07444969924812031,0.34401026131954643,0.34401026131954643,0.2867294759455028,0.27002000000000004,0.7356203007518797,1.3641,2.1383673205857425,0.0033124862443495865,-0.8995753913082205,20.873415386091537,19.888850137455456,0.5190615715013748,0.04838195723851018,0.055962107575606365,0.8805434789073868,11.496641729323308,1.4827305029945743,1.4827305029945743,1.2415230493527047,1.22987,2.9637782706766913,5.66259,1.9988651104775557,0.089486146472152,-1.019383559074307,20.37642930547031,19.75960203468006,0.2570090195667649,0.04007818507469618,0.02005183754443249,0.9340153749699103,1.4077768211175252,0.7020563373349497,0.7020563373349497,0.604121303412351,0.5899924463258961,1.6205078506822765,2.7461501168339932,2.308230500181548,0.31724741707621246,-1.0386426629095091,25.34629011168258,19.52770144137501,0.7645714121293593,0.13166867958389208,0.12098472211814051,0.7130848268158081
mass_0.50g_trial_10,0.5,data/cleaned/0.50g/mass_0.50g_trial_10.csv,2_second_window,2,2000.0,4000.0,131.0,1983.0,66.66666666666667,0.01018519883984092,-0.6721933189121028,0.15857074392402076,0.014090839694656488,0.4076288318579665,0.4076288318579665,0.3530497779849659,0.33537,0.8785491603053435,1.57829,2.15526746795836,0.3481400857600596,-1.0049911086344092,20.517913716927115,19.35076927656952,0.2988103719459432,0.050252111865293214,0.052315607730212585,0.8919039339189627,0.08451740458015268,0.32452514674224087,0.32452514674224087,0.27983703979954544,0.27299999999999996,0.5975225954198473,1.1844999999999999,1.8412212471609755,0.005826944701407709,-1.1544179537090407,21.018350636852166,19.899884941112887,0.24693535411167147,0.03897363436958965,0.039379979518407736,0.9197067815572505,11.436138625954197,1.5454136082189585,1.5454136082189585,1.3528437853271953,1.4343699999999995,3.274361374045803,6.00076,2.1187605419234035,0.08772977083938574,-1.1977236885450426,20.517913716927115,19.771894915840228,0.34658213928845516,0.032954954265356454,0.033260545998429855,0.9282975494925796,1.4846945895181085,0.6748800128570708,0.6748800128570708,0.5601673529007851,0.5460657877239286,1.8400901044033688,3.09120843178967,2.7265440809447585,0.23662673030978687,-0.6933007660840516,20.517913716927115,19.14354463724624,0.839257867620298,0.13109565086483685,0.11012973727368836,0.7255331808632043
mass_0.50g_trial_10,0.5,data/cleaned/0.50g/mass_0.50g_trial_10.csv,2_second_window,3,4000.0,6000.0,133.0,1984.0,66.66666666666667,-0.04752905245082907,-0.3221460345876118,-0.1177412771946128,-0.01825669172932331,0.40171660666851433,0.40171660666851433,0.3438774153428684,0.29253,0.8451366917293233,1.61091,2.1038131799881183,0.23244255493657268,-1.0201056533955384,20.50994421545786,19.54147663025874,0.33524042188466097,0.024754961020994677,0.07265015868547872,0.8995049119523685,0.07465511278195489,0.3195832497248354,0.3195832497248354,0.2725995839222115,0.25372,0.6832851127819549,1.32375,2.1380504559305615,-0.0634668484587019,-0.9120798142771829,21.010186757298296,19.8057151401136,0.30822862586695665,0.03479733721521977,0.05265169038675503,0.9064444590673548,11.5750507518797,1.442963815748279,1.442963815748279,1.222628911753067,1.2293599999999998,3.192639248120299,5.7653099999999995,2.2125566928819276,0.22955930803654145,-1.0276359357984945,20.50994421545786,19.6446166220085,0.33004769741595413,0.04088966014347106,0.03879426327405551,0.9120064676782473,1.3792328095030708,0.6658611839768492,0.6658611839768492,0.5744711439704251,0.5503830699458027,1.826346728721297,2.967006439010568,2.7428340511057567,0.2985802050772235,-0.8448020945341121,25.512369633862214,20.05757012986322,0.7962158464360172,0.06463970928643505,0.17963424306610398,0.7048197001994687
mass_0.50g_trial_10,0.5,data/cleaned/0.50g/mass_0.50g_trial_10.csv,2_second_window,4,6000.0,8000.0,133.0,1982.0,66.66666666666667,-0.04733148354920451,0.693693407595033,-0.04428191669383345,-0.011501428571428572,0.39990966637149156,0.39990966637149156,0.33565733619763694,0.28415,0.8797314285714285,1.6219299999999999,2.1998253669472745,0.40578725899663254,-0.90116857828873,20.530640425455523,18.449053329754697,0.337406269788346,0.09408812626122443,0.052763418696835145,0.8511860852724866,0.04556593984962406,0.349849011924312,0.349849011924312,0.3022825586522698,0.2912,0.6718759398496241,1.29542,1.9204740243627756,-0.12385508295382056,-1.142293749134736,21.03138775290566,19.290461693189407,0.3160836497279917,0.05802946430672931,0.07020765652484431,0.8683402529041204,11.470655338345866,1.446812473580316,1.446812473580316,1.2084653988354348,1.0914000000000001,3.027984661654134,5.915240000000001,2.0928660188842665,0.14192971056755166,-0.9079438288354589,20.530640425455523,19.04123276070311,0.4050595833535042,0.053109207092688786,0.04784836853321997,0.895630800007728,1.3639503228983596,0.7177937884760698,0.7177937884760698,0.6153905435757568,0.5618474686786542,1.7048953095043102,2.8905553799722994,2.375188162499889,0.38577897323030536,-0.7861966454398663,26.038861027407005,19.49509496870839,0.8159671385783874,0.11076546507329381,0.15347691674723538,0.6989504771921105
mass_0.50g_trial_10,0.5,data/cleaned/0.50g/mass_0.50g_trial_10.csv,2_second_window,5,8000.0,10000.0,131.0,1980.0,66.66666666666667,0.0719792132757316,0.24682429831046684,0.2568398494277336,-0.020600534351145044,0.42988985458165163,0.42988985458165163,0.36690044053376847,0.30034,0.851550534351145,1.66308,1.9808574807605859,0.2642096285270981,-1.0326869617117536,20.549001464975177,18.823153639664227,0.34215810996539914,0.046506734527010665,0.08695490483941241,0.863801981238085,0.042711297709923664,0.3273041084733077,0.3273041084733077,0.28135124526542743,0.26332,0.6666312977099237,1.26411,2.0367336689398408,-0.13219815522606318,-1.0201203172497244,21.0501966226575,19.308610854746973,0.3117790450007263,0.06699905901294155,0.05623564911391617,0.8731240533944554,11.536411984732824,1.5181359336156273,1.5181359336156273,1.322034242759746,1.2600599999999993,2.9401980152671765,5.66009,1.936715909401297,0.23865837204219117,-1.1238843599089163,20.549001464975177,20.033111649769,0.41026482015897064,0.021213522027712192,0.03733183038363072,0.9378914746467273,1.4739643021495368,0.6512290038224356,0.6512290038224356,0.5351031583162016,0.5402385146300072,1.5612494784678053,2.6839157698888627,2.3973893504495942,0.44059631164787666,-0.5944140833216003,23.556172411069106,18.00500077728092,0.8545571816703447,0.17784808069211017,0.15312657202492339,0.6377208935467787
mass_0.75g_trial_01,0.75,data/cleaned/0.75g/mass_0.75g_trial_01.csv,2_second_window,1,0.0,2000.0,133.0,1998.0,66.66666666666667,-0.670086051940416,-0.4276410170184966,0.48795103753857044,0.07742511278195488,0.42282129442113575,0.42282129442113575,0.3603935089603709,0.36509,0.8059348872180452,1.46467,1.9060886900727452,0.15252969148988907,-1.1987907873186707,18.8760188759368,18.87787120538196,0.3182656716353156,0.031405275541775066,0.044096652840507636,0.9164317746805519,0.09678849624060151,0.41243963778264575,0.41243963778264575,0.3645985674713098,0.34838,0.9007315037593985,1.5975199999999998,2.1839111017600126,0.22926892608283528,-1.1803380459377246,18.8760188759368,17.387074108189545,0.45661869343016825,0.07243741418625461,0.07852299197526623,0.8387820961902971,11.512098421052633,1.5440752555615147,1.5440752555615147,1.2890107874950538,0.9688800000000004,3.4489915789473677,5.873560000000001,2.2336939644130984,0.6626372812778037,-0.6706830411886231,18.8760188759368,18.21221142707658,0.479442555390492,0.038726312205487896,0.10222135139412422,0.8495969397520852,1.471006488884637,0.7544485445190368,0.7544485445190368,0.6070772508181047,0.5151326699835806,2.011104854878508,3.2540057109235527,2.6656620514267058,0.7181083218809835,0.03190320990210438,28.810765652745644,19.82995039946334,0.8165595447066504,0.04099620841570147,0.2982709376516674,0.6181980944136943
mass_0.75g_trial_01,0.75,data/cleaned/0.75g/mass_0.75g_trial_01.csv,2_second_window,2,2000.0,4000.0,132.0,1980.0,66.66666666666667,-0.4773661640789167,0.07691319605403983,-0.44153594097353466,0.07937553030303031,0.4312965031076656,0.4312965031076656,0.3681230704775023,0.325625,0.9635744696969697,1.74974,2.2341346678074743,0.13560949699302102,-0.9549096284411989,19.04652586485624,18.9137763417613,0.40337150794038934,0.034003183355864074,0.05206148383569417,0.8708502260310519,0.023678030303030305,0.405888963101157,0.405888963101157,0.34476369834710746,0.32056,0.9614119696969697,1.84937,2.3686575815005924,0.11716089956392212,-0.8206637411276532,19.04652586485624,16.453779243346624,0.40931895615683,0.12928198889311146,0.07741209788294143,0.7842446796137067,11.40761212121212,1.514846513047099,1.514846513047099,1.2533539898989894,0.9704300000000003,3.8572278787878798,6.7572399999999995,2.5462829702984915,0.5779379049822149,-0.5633321459883476,18.5453014999916,17.704533064367798,0.6116740124300386,0.03558489567404638,0.15161855275800926,0.796950269741248,1.4389017270074824,0.7583431295040998,0.7583431295040998,0.6063606855375757,0.4394582127892468,2.5066038762503524,3.662366928189828,3.3053690060981835,0.8843723217277291,0.12351320363397411,9.02203856756348,16.899533071329383,0.8616786974631924,0.06994138071850549,0.41349339314774836,0.43346189280930436
mass_0.75g_trial_01,0.75,data/cleaned/0.75g/mass_0.75g_trial_01.csv,2_second_window,3,4000.0,6000.0,132.0,1977.0,66.66666666666667,-0.06325828914660012,0.4284830605890732,0.4001001156073193,0.039885833333333336,0.42915460051241694,0.42915460051241694,0.3653971843434344,0.32964499999999997,0.9970641666666668,1.75189,2.3233216315895424,0.1921359336288906,-0.989434115374717,19.07542802842349,18.802015558181495,0.37368560844651993,0.03715119808203571,0.04345127544129656,0.9077881573491944,0.00812666666666667,0.405359769071023,0.405359769071023,0.3479320707070707,0.336665,0.7903033333333334,1.52457,1.9496343584971416,0.04619747957155209,-1.0724051286963463,19.07542802842349,17.762959678806197,0.37038101837966464,0.05696385032004364,0.08334815226851452,0.8543206231225369,11.46744340909091,1.6098256524975418,1.6098256524975418,1.3488892837465567,0.9547500000000007,3.8389065909090903,6.701180000000001,2.3846722686728663,0.6005805729893204,-0.6838468297969853,18.573443080307086,18.218810472563803,0.5401036345501701,0.03156317326688975,0.10471222413618698,0.8506761463465516,1.5236318875471002,0.7864952105455458,0.7864952105455458,0.6288071468984971,0.5149174275640533,2.380560127979765,3.6585099182724945,3.02679545413698,0.7748547634899998,-0.07214133136409329,28.61314204263524,18.734494789154688,0.7882431758723463,0.08406001994961317,0.3044348032923569,0.5306911357729623
mass_0.75g_trial_01,0.75,data/cleaned/0.75g/mass_0.75g_trial_01.csv,2_second_window,4,6000.0,8000.0,131.0,1991.0,66.66666666666667,0.2865907803194259,-0.5943498056154991,-0.21760308667674658,0.0330879389312977,0.4402848539119891,0.4402848539119891,0.3717269576365014,0.38574,0.8100920610687024,1.58927,1.8399271604983167,0.1066749259818349,-1.058364322375548,18.940192699181686,18.558253485537623,0.3103087770465693,0.050201155872814394,0.027718630473196025,0.914187662522487,0.03580931297709924,0.4180306118547057,0.4180306118547057,0.3694626560223763,0.3626,0.8644006870229007,1.5910799999999998,2.0677927943787506,0.1155318421564064,-1.2464281061425568,18.940192699181686,16.882655574502685,0.41388467715182975,0.09032500293408244,0.10050690612506195,0.8028547081532103,11.529296183206107,1.6047154777100598,1.6047154777100598,1.3770105471709106,0.9918499999999995,3.3880738167938933,5.8125,2.1113236980979946,0.570548023038878,-0.9495131739417113,18.940192699181686,18.228866313925916,0.6009594935186474,0.04203773459534414,0.09698297847048402,0.8429911604767739,1.5515534901254728,0.732389156605702,0.732389156605702,0.5837900085486467,0.49259474446506846,1.9003519888289144,3.1540443049007676,2.5947298259250595,0.5387876929578453,-0.3168699646786357,9.470096349590843,17.156596846010878,0.8623626094157547,0.07553087228733212,0.3577958101447756,0.5242148476658496
mass_0.75g_trial_01,0.75,data/cleaned/0.75g/mass_0.75g_trial_01.csv,2_second_window,5,8000.0,10000.0,132.0,1988.0,66.66666666666667,0.6896864031306189,0.4724811609328664,0.15777438519735584,0.07418219696969697,0.42879724413497466,0.42879724413497466,0.3696634905876951,0.375845,0.776497803030303,1.51738,1.8108740521333222,0.10307331624051495,-1.1935113410104712,18.969879885248634,18.62841140120513,0.26469390805853027,0.04507468356486541,0.04459111961681684,0.9034445085984701,0.06285121212121213,0.4208070124898728,0.4208070124898728,0.35863064279155193,0.346675,0.8723712121212122,1.7439,2.0730909567297355,0.13231469592982734,-0.963090956857628,18.969879885248634,17.862649706502225,0.27833101165608765,0.03167467374103265,0.09136273244063964,0.8741293590034547,11.504815606060607,1.5655485155985474,1.5655485155985474,1.318143491735537,1.0342449999999994,3.590654393939394,6.0493500000000004,2.2935439931522015,0.5677502598215419,-0.6304567264207632,18.969879885248634,18.34689019481205,0.5644691257004988,0.04934853619660327,0.07250211959815743,0.8746637627565069,1.491776384581847,0.7658269983717793,0.7658269983717793,0.6055311373634901,0.47004986483761013,2.1419287490111145,3.2877063877862094,2.796883308586741,0.8585994129194775,0.359192573194385,28.454819827872953,18.810927372094028,0.8003820171336491,0.05521474538035062,0.32559315963696883,0.590190787784696
mass_0.75g_trial_02,0.75,data/cleaned/0.75g/mass_0.75g_trial_02.csv,2_second_window,1,0.0,2000.0,133.0,1996.0,66.66666666666667,0.04897624713438403,-0.19618524451101715,-0.16042821306490632,0.030512932330827084,0.6553837065767569,0.6553837065767569,0.5790225134264233,0.43144,1.305762932330827,2.40274,1.9923640444941384,-0.40260867337256195,-1.1499727722645814,26.353458797040414,20.87466743864793,0.5703848395154046,0.05408682077405066,0.27639000073720355,0.6590485691627899,0.009097293233082704,0.49709808635150415,0.49709808635150415,0.4346170003957262,0.45781,1.0354727067669174,1.80533,2.0830349888627855,0.25722729749622647,-1.1898282357817787,26.850693868682686,22.54973937414888,0.4936218134253688,0.07560279152967508,0.11568296984160134,0.8004409897801399,11.572993308270677,1.7666030757457,1.7666030757457,1.5299639798744984,1.0814599999999999,3.7595266917293237,6.453200000000001,2.1281105774948292,0.5669048198434223,-1.025852571647294,26.353458797040414,21.65217789911759,0.634373374649012,0.08380749476970237,0.17602982822138155,0.72349184556476,1.8151202598207856,0.7091256446659562,0.7091256446659562,0.5700482508197079,0.4475524529676931,1.9882669635206005,3.295872687340264,2.8038288820554533,0.6737736881408788,-0.1317482953281739,12.928111862699073,14.863843870631447,0.7500233793418275,0.0774747723209518,0.5715796697995897,0.33054313501229476
mass_0.75g_trial_02,0.75,data/cleaned/0.75g/mass_0.75g_trial_02.csv,2_second_window,2,2000.0,4000.0,133.0,1975.0,66.66666666666667,0.11132218368560434,0.29008019648777683,-0.08370760201865904,0.07767744360902258,0.65164498550808,0.65164498550808,0.5560211939623495,0.40534,1.6780874436090227,2.7844300000000004,2.575155922209142,-0.5709591370939626,-0.7756603404929967,26.633672789441306,21.194544011914797,0.6778634361967072,0.053331483362364804,0.20795507194353544,0.721863774124992,-0.039009323308270664,0.4729397145899086,0.4729397145899086,0.41397353496523265,0.36772999999999995,1.0910093233082707,1.9249100000000001,2.3068676401056685,0.29518150024752204,-1.136656756886459,27.136194917543975,21.168552915772562,0.641718449716543,0.12025155382780968,0.16823869529525234,0.6857087464052709,11.405881353383458,1.8479458133772808,1.8479458133772808,1.6344905896319746,1.23578,3.948128646616542,6.5168,2.1364958961653726,0.5017601336924289,-1.136347808426446,26.633672789441306,21.92362563335619,0.5544140824384803,0.03835691731108164,0.22091018017178757,0.7182482779860723,1.8670673673714646,0.7597870330884952,0.7597870330884952,0.6111988074081964,0.48616065741155734,2.1690648698871406,3.529275096067427,2.854832703672243,0.46180559122445275,-0.1845619205932758,26.633672789441306,16.483623317500317,0.8520233196617967,0.062226672589870795,0.472070820732896,0.4007031244545063
mass_0.75g_trial_02,0.75,data/cleaned/0.75g/mass_0.75g_trial_02.csv,2_second_window,3,4000.0,6000.0,133.0,1995.0,66.66666666666667,0.07551946752516961,0.5253644699761986,0.1689406387174151,0.08340902255639099,0.6587179402740555,0.6587179402740555,0.5803488009497427,0.49287000000000003,1.644409022556391,2.70681,2.4963780732497507,-0.40269624394636616,-1.0895080994141215,26.36666855075384,21.535903936134147,0.5072522969220092,0.07932914087529182,0.18179525809595265,0.7216531077024693,-0.026359849624060152,0.49739517619971374,0.49739517619971374,0.4279147538017978,0.38656999999999997,0.9885598496240602,1.94386,1.9874737370334576,0.3235598295735472,-1.0541874226918502,26.864152863032214,22.751348025637164,0.4094582723533026,0.07409857381075231,0.12506450333562924,0.7901819224090478,11.347335864661655,1.7952679502380897,1.7952679502380897,1.565542668324948,1.1814699999999991,3.995894135338345,6.650790000000001,2.225792609291781,0.5350036801235464,-1.0060725058738027,26.36666855075384,21.970572969137194,0.5945548926587974,0.0499679833073411,0.21072180300380897,0.7221946855004328,1.8216040711670332,0.7655435371064151,0.7655435371064151,0.6057690000030838,0.5100835670428074,2.2753712621060567,3.79728737146378,2.9722297319711637,0.5397968820726444,0.16168806008962733,13.432076431516107,16.123597949861033,0.8105234327485848,0.06305922978317323,0.5472137934935484,0.35528680917594097
mass_0.75g_trial_02,0.75,data/cleaned/0.75g/mass_0.75g_trial_02.csv,2_second_window,4,6000.0,8000.0,133.0,1988.0,66.66666666666667,0.03647638580529266,0.7180935864928303,0.1096475373894889,0.04238586466165414,0.624541117312324,0.624541117312324,0.5446436994742496,0.50512,1.2697558646616542,2.43364,2.033102112037033,-0.30291972939068196,-1.067093911100538,26.45950893328316,19.853593094891338,0.6096196600350211,0.09156327213858169,0.27628536320382674,0.6187479327040027,0.002634887218045115,0.49608620572052825,0.49608620572052825,0.43479205494940354,0.42515000000000003,1.113925112781955,1.9405999999999999,2.2454265003479823,0.32064427236377896,-1.1479919802644023,26.958744950892278,21.563451554223835,0.5666114294698382,0.10232652147646736,0.17181489448248063,0.697427234494233,11.648033082706768,1.8650783878856583,1.8650783878856583,1.6898541884787157,1.1072300000000013,3.8023969172932333,6.305160000000001,2.0387330323439175,0.5009160428506841,-1.2343491548781897,26.45950893328316,21.35623167644453,0.5548636495338328,0.03745153407581643,0.2964977928060014,0.6575697867226098,1.8985257553130614,0.7143321916944892,0.7143321916944892,0.5686145453500079,0.4364203772770918,2.099708907208398,3.5101774786282824,2.9394012080396577,0.6246889108740431,0.22847895350748137,26.45950893328316,14.612532394482262,0.8340879030383177,0.1406562689452477,0.5161675935022132,0.32113806168019193
mass_0.75g_trial_02,0.75,data/cleaned/0.75g/mass_0.75g_trial_02.csv,2_second_window,5,8000.0,10000.0,131.0,1975.0,66.66666666666667,0.04247169749454353,0.4937315877170369,-0.14810448858245445,0.046349160305343515,0.6333422081453113,0.6333422081453113,0.555709218577006,0.49827,1.3901391603053435,2.4677800000000003,2.19492581171283,-0.33239741371511866,-1.1569958900028905,26.630592327670385,19.652622085780727,0.7484954899575312,0.09245284478175164,0.2838861742606339,0.6033241009179201,0.006529618320610691,0.4676418474953476,0.4676418474953476,0.41448003263213096,0.36263999999999996,0.9819303816793893,1.91472,2.0997487434850624,0.3150131500615296,-1.122566334904483,26.630592327670385,18.548078409287715,0.7659078533890836,0.18309913131996494,0.18977935391860692,0.6069701451354037,11.450434732824426,1.858686935123139,1.858686935123139,1.618813422294738,1.178090000000001,3.9804052671755734,6.56972,2.1415146316245397,0.5647643896778466,-1.021664878843022,26.630592327670385,19.89255007134411,0.7149451499178678,0.10516934296271464,0.2792038776921757,0.5805266100176859,1.8479669890467814,0.8121246088735777,0.8121246088735777,0.6442488417503216,0.5301487684216717,2.1650432421721146,3.6766682700304716,2.665900304603556,0.46937884310711137,-0.03305953572433573,14.068992173108883,15.405194964122732,0.8342383992978274,0.08582650169795027,0.5339011692314211,0.31912139545043766
mass_0.75g_trial_03,0.75,data/cleaned/0.75g/mass_0.75g_trial_03.csv,2_second_window,1,0.0,2000.0,132.0,1985.0,66.66666666666667,-0.4680599218471854,-0.30075503151174965,0.6309457239411509,0.08712886363636364,0.3497611062127452,0.3497611062127452,0.29947250344352616,0.250885,0.7078788636363637,1.35643,2.023892454199268,-0.3327608773130289,-0.9900060496997876,28.997786428156317,23.054291831866458,0.5661183552733391,0.07180329127215195,0.17404132833489078,0.693592101529114,0.02372636363636364,0.4384186392338788,0.4384186392338788,0.37218311294765843,0.29717000000000005,0.9488463636363637,1.6770200000000002,2.1642473168897185,-0.5178704042722289,-0.8438681283595164,28.997786428156317,24.248684093889644,0.6280837216696735,0.07719397058947292,0.13142769026615786,0.649940496346019,11.594911515151514,1.5867352118338656,1.5867352118338656,1.3419972681359045,0.9965149999999996,3.312698484848486,6.217980000000001,2.0877449874070937,0.5642464269927511,-0.8611903756757795,28.997786428156317,22.341209158587745,0.6125253413308132,0.06659940867311318,0.22386711291923456,0.6410360909865466,1.4994445692712135,0.7641585900867548,0.7641585900867548,0.6281131411185997,0.5808772935051199,1.8624325680868818,3.027728590983756,2.437233045924983,0.5438257148574208,-0.5924564715750917,7.999389359491397,12.975245437130747,0.8401943173243436,0.14730688741230272,0.5021536460106891,0.32075317321597596
mass_0.75g_trial_03,0.75,data/cleaned/0.75g/mass_0.75g_trial_03.csv,2_second_window,2,2000.0,4000.0,134.0,1994.0,66.66666666666667,0.23349218417921336,-0.7856653030368141,-0.27080303798417765,0.08704119402985074,0.3410394894017555,0.3410394894017555,0.2891420249498775,0.2467,0.7745411940298508,1.40621,2.2711187944496842,-0.37914813634773736,-0.9307827342535386,28.870192667414585,22.520736581767178,0.607948184385025,0.05652979860392224,0.21884298877478647,0.6693518485805741,0.01444134328358209,0.459708160062497,0.459708160062497,0.4080705457785699,0.354105,0.918591343283582,1.67262,1.9982054335487547,-0.3986886947747254,-1.1827832487842027,29.367954609956215,24.666771009011054,0.6745142558775792,0.07004035736618514,0.1349135589672617,0.5887450705992772,11.596467164179103,1.5913760348640793,1.5913760348640793,1.336626892403653,0.896065000000001,4.222372835820897,6.658189999999999,2.6532841662288407,0.6790649854537786,-0.5879128669303433,28.870192667414585,17.8690227622072,0.744442427707608,0.13861277534746916,0.3528178576551211,0.439169003172824,1.4903467889285833,0.7993645343830539,0.7993645343830539,0.6375838957153853,0.4784873810307999,2.8401355143916245,4.070366041069285,3.5529916480265524,0.8759427194081146,0.7621572596159156,9.457476908290984,13.703553632870491,0.8438864952441434,0.16534710997236532,0.46895063435418294,0.32939575772316465
mass_0.75g_trial_03,0.75,data/cleaned/0.75g/mass_0.75g_trial_03.csv,2_second_window,3,4000.0,6000.0,134.0,1987.0,66.66666666666667,0.07978270987485535,-0.3920175641679471,-0.7106502306735063,0.10372164179104477,0.3443613461961446,0.3443613461961446,0.28250761639563376,0.225245,0.7607116417910448,1.42342,2.2090506097561584,-0.46621573471785216,-0.732711722087461,28.97189943567215,21.771032200675712,0.6112739313042105,0.05360765567173828,0.2648503245433156,0.6296853108397181,0.004646865671641793,0.4671419045889716,0.4671419045889716,0.40511346179550006,0.32561999999999997,0.9246668656716417,1.78831,1.9794132288030053,-0.35443734445250125,-1.0924137130408251,29.47141494318374,24.113060944220344,0.7547464292798528,0.08932463754922189,0.13938125826449063,0.5624582587007702,11.498599253731344,1.4723744054410723,1.4723744054410723,1.2325077322343507,0.774305,3.3357007462686568,6.144880000000001,2.2655248107694432,0.7945187287859647,-0.5524893697575823,28.97189943567215,18.601261403771066,0.7374682976705914,0.07610833807573557,0.4080391512321779,0.4351932503304423,1.4004054861686424,0.7372632907474449,0.7372632907474449,0.5795966268840413,0.41680670906479733,2.0329672690342924,3.118316753296992,2.7574508246209435,1.0078340202480505,0.18770731507917704,9.490794642720187,12.554878650023657,0.8138671926206279,0.08939483923166885,0.6351620993467605,0.25036770583919327
mass_0.75g_trial_03,0.75,data/cleaned/0.75g/mass_0.75g_trial_03.csv,2_second_window,4,6000.0,8000.0,134.0,1981.0,66.66666666666667,-0.4424244964907337,0.3436611405960827,0.27756619644068214,0.12821305970149258,0.3366791261570755,0.3366791261570755,0.2794538304744932,0.260035,0.7574630597014925,1.37616,2.2498070146116005,-0.2874514129141384,-0.8390925384356409,29.059648752806392,24.810972106589997,0.4683583619928244,0.03628358122474469,0.13937817351956583,0.7928418845627155,-0.019499029850746277,0.44757931206420254,0.44757931206420254,0.39090561595010026,0.310615,0.9907509701492538,1.6152700000000002,2.213576328137205,-0.4816774801431298,-0.9878643397863502,29.059648752806392,24.750310879385932,0.554395344975825,0.0681831452787223,0.10423533666877834,0.7683890128771698,11.560974776119401,1.6211949370756056,1.6211949370756056,1.384067643127645,1.00108,4.050915223880599,6.507670000000001,2.498721857093785,0.6948538830272537,-0.6903680957462699,29.059648752806392,22.749679424849504,0.5203245930640163,0.07181420426953958,0.20509329375251004,0.6897085965499542,1.5449366102357402,0.7450664191403571,0.7450664191403571,0.5816331806049758,0.47301229154083535,2.5140940221267476,3.658229521521931,3.3743220168578523,1.0126722466789189,0.7424182399279222,10.02056853545048,14.585593906729834,0.8208876552196269,0.0867491791352239,0.5221376739863477,0.31922322909216855
mass_0.75g_trial_03,0.75,data/cleaned/0.75g/mass_0.75g_trial_03.csv,2_second_window,5,8000.0,10000.0,133.0,1986.0,66.66666666666667,0.6144178842078609,0.7751944145861324,0.6378712903633358,0.09489157894736842,0.3299240532129847,0.3299240532129847,0.2748972220023744,0.24303,0.6837915789473684,1.2938,2.0725726793430916,-0.34423275439516765,-0.9633051789554585,28.984848828850442,22.999510186258913,0.5733135107173216,0.052561521197315025,0.21105034156972577,0.6754372834498124,-0.013510075187969928,0.4580819415920871,0.4580819415920871,0.39695376900898866,0.33357,0.88155992481203,1.56663,1.9244590209081889,-0.42843190402941167,-1.120524378255591,28.984848828850442,25.553855238850524,0.6690324132283549,0.04624215513169801,0.10300409259298725,0.7708121752875243,11.394333308270678,1.6551378468880125,1.6551378468880125,1.4468939046865286,1.0895299999999999,3.8535866917293227,6.21824,2.3282572499775958,0.5789242045305479,-0.9292408513716128,28.984848828850442,21.786573352686098,0.633683670468448,0.10323855698396145,0.19949118519130465,0.6471750120608761,1.5716633226846521,0.7668406864728718,0.7668406864728718,0.6208444422272124,0.5192929221679008,2.3202500981057534,3.5900015799709752,3.0257263849390648,0.6286466497661287,0.07743895728505512,7.496081593668217,12.966216595149643,0.8501515947409675,0.10641181578856289,0.5826348639258307,0.26541678857462475
mass_0.75g_trial_04,0.75,data/cleaned/0.75g/mass_0.75g_trial_04.csv,2_second_window,1,0.0,2000.0,133.0,1999.0,66.66666666666667,0.03773853261244534,-0.2509955745646611,-0.6114775322595573,0.038664962406015045,0.5085433032916105,0.5085433032916105,0.4412283125105998,0.36702,1.063774962406015,2.00558,2.091808024057338,-0.35469506913888393,-1.0118166230169008,23.33497575851588,21.219135246899185,0.3467576361933962,0.060506008391975265,0.05678872129126404,0.8772842565560927,0.059476616541353396,0.5078357197573685,0.5078357197573685,0.44739177454915485,0.42414999999999997,0.9991633834586466,1.91053,1.9674933144443294,0.1656441711629923,-1.117712222427842,22.83848691259001,20.52080501341172,0.35912239771861026,0.07367977997825588,0.059477469016180576,0.860140280875229,11.337945639097745,1.776242732638238,1.776242732638238,1.5441366318050767,1.3915900000000008,4.361684360902256,7.420350000000001,2.455567744631323,0.3181913535011222,-1.0163305819135793,22.83848691259001,20.316379601071688,0.554641975455318,0.070651357578966,0.08284716108102333,0.8341294673527494,1.7493560759337565,0.7818599455324666,0.7818599455324666,0.6483116869924508,0.582449847015255,2.6919564149766435,3.99954368814963,3.4430161442064313,0.5593113047062953,-0.043957300492987184,19.85955383703479,15.870380144954252,0.8308164963558426,0.1992324045896429,0.2044297805432892,0.5398674122439309
mass_0.75g_trial_04,0.75,data/cleaned/0.75g/mass_0.75g_trial_04.csv,2_second_window,2,2000.0,4000.0,132.0,1986.0,66.66666666666667,-0.0871029716674557,0.02442055275447694,-0.2645590540207694,0.11105780303030303,0.4811146443043619,0.4811146443043619,0.4200251905417814,0.36563500000000004,1.1016078030303031,2.0323599999999997,2.2896991726849327,-0.3198105911158933,-1.0677064926962712,23.48637431694411,20.687182389601674,0.42145817512711525,0.062146138472551876,0.09694665673236237,0.8366302687212959,0.10232106060606061,0.536436355328917,0.536436355328917,0.4593483103764922,0.452635,1.1545689393939393,2.25334,2.1522943550051026,0.1329542144496218,-0.9342592116018218,22.986664225094238,19.974744363866655,0.4849576972305123,0.1077151864741633,0.06584191151000625,0.8191890806202803,11.619723257575757,1.8109528284523426,1.8109528284523426,1.5989640576216713,1.3482950000000002,4.187526742424243,6.837299999999999,2.312333417322053,0.3991600761483596,-1.0717329486299016,22.986664225094238,20.68600718836393,0.42853222630230975,0.05512187884432646,0.07094521716985704,0.867147666122488,1.7955014984420152,0.7582610238266915,0.7582610238266915,0.6099917578878118,0.5813555414655466,2.425208271653016,3.7848513908802746,3.198381817667214,0.5274313495277034,-0.05946191832234726,22.986664225094238,15.349197956627433,0.8716844746038125,0.2620525797813038,0.1612295100251968,0.5342553412101334
mass_0.75g_trial_04,0.75,data/cleaned/0.75g/mass_0.75g_trial_04.csv,2_second_window,3,4000.0,6000.0,131.0,1986.0,66.66666666666667,0.0422974967135127,0.2938342112438352,0.693799469072214,0.06720954198473282,0.48999138561809724,0.48999138561809724,0.42955649903851756,0.42622,1.0683195419847327,1.99472,2.1802822934062527,-0.21554421588969344,-1.1363523268676459,23.485005727415295,20.915671644991157,0.4003873977144291,0.06528179911589055,0.08329599485427593,0.840835503813667,0.07907656488549619,0.5274076768812131,0.5274076768812131,0.4542177029310646,0.43294,1.026906564885496,1.98962,1.947083081835352,0.03909752872485818,-1.0882074497501977,22.985324754491565,20.402192039387927,0.4151911456942624,0.09156810559930806,0.05406874769325637,0.8401154289143605,11.601008015267176,1.6999157114687629,1.6999157114687629,1.4556754373288272,1.12289,3.5316219847328245,6.766760000000001,2.077527703818579,0.4469139378164701,-0.8933620003138794,22.985324754491565,20.47950145997551,0.43786318558838616,0.055263474988460626,0.09225119482699284,0.8451798588809232,1.6701516457141472,0.7864841524340196,0.7864841524340196,0.6405471475567653,0.548344914417098,1.8773472738374521,3.3715007648685833,2.387012208736079,0.5760578094893762,-0.4694879500675917,19.487557944025458,15.895031487065246,0.8862942860634035,0.1995930659133759,0.19105228152789722,0.5493183915331898
mass_0.75g_trial_04,0.75,data/cleaned/0.75g/mass_0.75g_trial_04.csv,2_second_window,4,6000.0,8000.0,131.0,1973.0,66.66666666666667,0.07669946552299209,0.03335497728224681,0.034672538667964006,0.061384732824427475,0.4895424258159691,0.4895424258159691,0.4276266254880252,0.38928999999999997,1.0471347328244276,1.8784100000000001,2.1390071168582865,-0.3183183300317159,-1.1086827121394822,23.63974727515197,20.155700886440115,0.6192151834914907,0.08326370025121885,0.0915986879173453,0.8193910007860807,0.07048374045801527,0.5074891297994815,0.5074891297994815,0.4456719550142766,0.42984999999999995,1.0381862595419848,2.0411200000000003,2.0457310286669426,0.15758266110626612,-1.1234451540527375,23.13677392887214,19.506961045829115,0.6039209763740799,0.08997755002188441,0.1061582518913837,0.7965390341579421,11.474504427480916,1.7260879758399268,1.7260879758399268,1.48750274692617,1.4382600000000014,3.972335572519084,6.676629999999999,2.301351743433655,0.3293125670765229,-0.9545671546651531,23.13677392887214,20.17878839995209,0.5305482530496567,0.05764536592235379,0.1160967243333731,0.8149461527638991,1.7018679689765759,0.7617231255837905,0.7617231255837905,0.6106361846880134,0.5351975914213525,2.3333051697631206,3.7169907663404516,3.0631932934619224,0.5622027843775987,0.253473819396985,2.5148667313991457,14.078542933774177,0.8474423676637654,0.23495247735763974,0.21866526452689994,0.529252387283195
mass_0.75g_trial_04,0.75,data/cleaned/0.75g/mass_0.75g_trial_04.csv,2_second_window,5,8000.0,10000.0,133.0,1984.0,66.66666666666667,0.11178352710933873,-0.1847900416458971,-0.6946167755404528,0.04995894736842105,0.5163599950379422,0.5163599950379422,0.4452492283339929,0.43665999999999994,1.156998947368421,2.1798900000000003,2.240682776525716,-0.28641739763587665,-1.0324088699728302,23.511399466144802,21.28977522895193,0.45143099755949995,0.060669891137469914,0.06857794669373092,0.8656011487182391,0.1274809022556391,0.5068986874801618,0.5068986874801618,0.4332117361071852,0.42858,1.100569097744361,2.13547,2.1711815889983606,0.1008616766072878,-0.9087872187168098,23.011156924311933,20.677279653054626,0.4679547298188433,0.04771880746291968,0.09110075086464356,0.8538515204298267,11.526266917293233,1.792423161404309,1.792423161404309,1.5571808841653003,1.4681599999999992,4.098753082706766,7.85068,2.2867106222257907,0.307932574333166,-1.0222140534234805,23.011156924311933,20.037423885344555,0.4237694809010423,0.05896345917461352,0.11654547790742664,0.8197774765734408,1.7645687057154298,0.7890830096973855,0.7890830096973855,0.6389214779527147,0.5599536955287177,2.3652675955679374,3.9131872495749374,2.997488941594397,0.525239744413181,-0.035989957987164534,20.50994421514759,15.537968615948973,0.8286787363557453,0.26213962705132543,0.15079315990421244,0.5168499566510291
mass_0.75g_trial_05,0.75,data/cleaned/0.75g/mass_0.75g_trial_05.csv,2_second_window,1,0.0,2000.0,132.0,1983.0,66.66666666666667,-0.20662798613784783,-0.44345058972116863,0.5268889743888014,0.041673106060606056,0.3894487050716937,0.3894487050716937,0.33136391528925624,0.24524,0.8992231060606061,1.53978,2.3089641699927284,-0.5724126880881956,-0.9259744602477831,18.016778985255254,17.765605609654113,0.5376140005204183,0.07406832758676112,0.0645242119957992,0.8114440388105484,0.014994090909090901,0.44313284162220873,0.44313284162220873,0.39077716942148755,0.30265,0.9125959090909092,1.61625,2.0594183580483514,0.42248428700451995,-1.1326209682139365,18.016778985255254,17.884446139597642,0.33037479382317786,0.034208198929284464,0.05221296584927179,0.8728971382891817,11.195212121212121,1.7137340448904876,1.7137340448904876,1.437277924701561,1.1507200000000015,3.8744621212121206,7.04387,2.260830455439607,-0.44881054409588184,-0.6998285315946555,18.016778985255254,16.408515596456464,0.5848084170555823,0.11453396844420528,0.09639510351253702,0.7608412535977709,1.60251197941502,0.8466857396072403,0.8466857396072403,0.7001024056363447,0.5698768135775198,2.2982319705794882,3.704228861224674,2.7143860621127147,0.7126647489110268,-0.2573379547871588,18.016778985255254,17.239550608362055,0.8739652341673366,0.07204554067948757,0.3641554538461571,0.5056877567560201
mass_0.75g_trial_05,0.75,data/cleaned/0.75g/mass_0.75g_trial_05.csv,2_second_window,2,2000.0,4000.0,133.0,1992.0,66.66666666666667,0.25648025554682824,-0.6954203651408238,-0.5006890944898902,0.06370075187969924,0.412905757252629,0.412905757252629,0.35452105037028664,0.26593,1.0385407518796992,1.67909,2.5152004631514173,-0.6190080945035572,-0.8010101558261749,18.434640819098174,16.98155951897242,0.6579736257376098,0.09808211587157409,0.0998967403817319,0.7583339920201796,-0.008266616541353385,0.4259178432177489,0.4259178432177489,0.36917845327604726,0.3204,0.9762066165413534,1.67438,2.2920068555152584,0.3804354191687321,-1.0986406061367011,17.936407283446872,17.363257104149373,0.30724556108636775,0.041184282407842734,0.05675766971831935,0.8755293735827213,11.42746037593985,1.6699373379335738,1.6699373379335738,1.399795203798971,1.2246699999999997,3.4383503759398497,6.3661200000000004,2.0589696977459995,-0.2706374118866769,-0.9685355379134828,18.434640819098174,17.127479070572132,0.652097751197149,0.090168039616598,0.0668962783597032,0.8200070863189548,1.5595135246567633,0.841727659389268,0.841727659389268,0.722979777001696,0.7391449196250104,2.008408640412088,3.34077023668656,2.3860551783094883,0.29858079601304005,-0.9861158491755231,17.936407283446872,18.05241151156009,0.8430613747178156,0.08467095633860604,0.2977838185355586,0.5373730439783135
mass_0.75g_trial_05,0.75,data/cleaned/0.75g/mass_0.75g_trial_05.csv,2_second_window,3,4000.0,6000.0,132.0,1981.0,66.66666666666667,-0.2692673897515587,-0.6815497071455184,0.2757441935200026,0.08947492424242424,0.3826648268363863,0.3826648268363863,0.32641380509641876,0.254815,0.8610349242424242,1.5479,2.2501020837501007,-0.5596811514771936,-0.8370502564118394,18.034968565179902,18.51040808619891,0.5094943968695916,0.03630632794010414,0.057070308333031144,0.8732881463671105,0.026097651515151515,0.4164413960604997,0.4164413960604997,0.3566985525711663,0.29999,0.9163623484848484,1.73763,2.2004593134917867,0.3581951676860561,-0.9859766974715316,18.034968565179902,18.002802867916614,0.40664460433683236,0.04039103420780824,0.06286237092060604,0.8333088001842806,11.595400227272728,1.717395662064946,1.717395662064946,1.4696507988980714,1.3112199999999996,3.964800227272728,6.911409999999999,2.3086119959716034,-0.3660468323549435,-0.9608723653335405,18.034968565179902,17.079689721227908,0.5333860303107376,0.10138552248102645,0.0702991212224589,0.7822122918796377,1.6109700395097308,0.8210232627228349,0.8210232627228349,0.6842468944175881,0.6348917169086703,2.3555406113997437,3.696517233681422,2.869030292257308,0.4129458552168295,-0.5438379088045511,29.55730959293373,18.21218673198423,0.8774135458375393,0.08931785847278335,0.26981909231222123,0.5051239709002345
mass_0.75g_trial_05,0.75,data/cleaned/0.75g/mass_0.75g_trial_05.csv,2_second_window,4,6000.0,8000.0,132.0,1991.0,66.66666666666667,0.19214592058240046,-0.6351602812161876,-0.040314873898274366,0.07996030303030302,0.37990631231831634,0.37990631231831634,0.32232614325068876,0.272795,0.950000303030303,1.54428,2.500617315972143,-0.5884594208065446,-0.6997880350924284,18.44284127055353,16.982655912074176,0.6781872345838973,0.09910400799642306,0.08604252352793988,0.7895010123467264,0.06977075757575757,0.44054936948710605,0.44054936948710605,0.388073448117539,0.30216,0.8745292424242425,1.6064,1.985087944723158,0.42714467907688625,-1.1664990880975574,17.94438610107911,17.64201052257767,0.27483057725962345,0.02158558525828136,0.06620781518566174,0.9011435282678574,11.505641515151513,1.6629849507680572,1.6629849507680572,1.3876271808999083,1.1840900000000003,3.4028815151515133,6.644270000000001,2.0462491338721236,-0.25712645794894395,-0.829061657029369,17.94438610107911,16.353937071442164,0.6447662941429287,0.1305146006183386,0.07672728536395815,0.7828550826370642,1.5514409660130217,0.8348427567826222,0.8348427567826222,0.7026774706899378,0.6289788951624169,1.8519583412607277,3.09894496071367,2.218331926838462,0.48054430210113724,-0.75645003751365,10.966013728437233,17.475460719887323,0.8534966325410381,0.1186899418507849,0.305592039338136,0.4883208971760867
mass_0.75g_trial_05,0.75,data/cleaned/0.75g/mass_0.75g_trial_05.csv,2_second_window,5,8000.0,10000.0,133.0,1986.0,66.66666666666667,-0.008095173272724967,-0.5527054928935347,-0.20969157156377907,0.06293563909774436,0.37279361166303804,0.37279361166303804,0.3125008389394539,0.23086,1.0368456390977445,1.87589,2.781285962686861,-0.4700230206457724,-0.5544384168949015,17.990595824803723,16.598019519462923,0.6933252142677342,0.10002386902472447,0.12740542416397435,0.7548432112467545,0.015152255639097738,0.4196426143498426,0.4196426143498426,0.36945756684945447,0.3064,0.8941277443609023,1.51026,2.1306886235712383,0.4833258479009743,-1.0537821794354414,17.990595824803723,17.10737935706123,0.2896431490666071,0.046894751602750515,0.07241186176609775,0.8688005708771157,11.556090601503758,1.5963234044538583,1.5963234044538583,1.360312262988298,1.2756100000000004,3.8068806015037584,6.3948599999999995,2.3847802963248452,-0.34793436478429596,-0.8961243736014595,17.990595824803723,15.703892298240415,0.56632591219485,0.13578900667723437,0.09204499003803066,0.7604863219078033,1.5147980098711806,0.7541289024912187,0.7541289024912187,0.6131310041458259,0.5900372377593044,2.3183670078676775,3.6268653987677473,3.074231739705366,0.4936764726932522,-0.129512928214635,13.492946868602791,15.499853223218464,0.8725859294944882,0.13705494941739707,0.37705380033444386,0.43012997951793314
mass_0.75g_trial_06,0.75,data/cleaned/0.75g/mass_0.75g_trial_06.csv,2_second_window,1,0.0,2000.0,133.0,1989.0,66.66666666666667,-0.17613677836552488,0.11214832067821105,-0.04279630724482026,-0.006412706766917289,0.6073110470490894,0.6073110470490894,0.5311350545536774,0.40082000000000007,1.2606272932330826,2.2221599999999997,2.0757522843663754,-0.41253054408770273,-1.1432902194982972,28.44214608926297,23.030174629486424,0.5598375493647638,0.03905604241403934,0.23505243282908508,0.6654865167162879,0.09833947368421053,0.35333389243934626,0.35333389243934626,0.3015899168975069,0.24739999999999998,0.7825205263157895,1.43259,2.214677230405,0.3856858809925513,-0.9940803643583291,27.943161070153092,21.851557882588104,0.732071635324642,0.043095234997395385,0.27560946123019664,0.6251095845566778,11.500614887218045,1.7434891267867096,1.7434891267867096,1.5475563027870427,1.0460200000000004,4.305084887218046,6.977069999999999,2.4692352943734246,-0.571255599821173,-1.013245858940394,28.44214608926297,21.711928363523334,0.664431450286372,0.07177671381937333,0.20583624114609264,0.6914474411352827,1.7367791382057371,0.7190438844264107,0.7190438844264107,0.5634906812194572,0.48190558482395285,2.6543735747878276,3.9636773366197615,3.6915320918211427,0.8109240699908794,0.6975589716514641,10.977670420417287,14.59283399244989,0.8568542296003135,0.13801029776379842,0.4382950459357427,0.3799063299959685
mass_0.75g_trial_06,0.75,data/cleaned/0.75g/mass_0.75g_trial_06.csv,2_second_window,2,2000.0,4000.0,132.0,1987.0,66.66666666666667,0.15902139186403036,0.4803632306038578,0.11493441631900729,-0.025371287878787882,0.5982602970778732,0.5982602970778732,0.5255702318640956,0.468715,1.257118712121212,2.15365,2.1012905557354373,-0.358710873612362,-1.1763433075615608,28.46914032093635,22.750712171895977,0.587600701264547,0.07502764511429978,0.1881736031784949,0.6964030916366462,0.11782174242424243,0.3691423889181604,0.3691423889181604,0.31954632805325983,0.23594,0.7339382575757576,1.40104,1.9882253558760847,0.4219916121334479,-1.0197347184803827,27.47022311669297,21.520239646309726,0.7213715851843012,0.06599642149884019,0.2379234297640282,0.6610002420619523,11.537712954545455,1.6235486844105167,1.6235486844105167,1.408470509641873,0.9930699999999986,3.4789029545454557,6.181240000000001,2.1427771079181324,-0.539546880569047,-1.003773944196639,28.46914032093635,21.98727640732273,0.5874248135744998,0.057161108279382776,0.2359833067644967,0.6850416992003746,1.6117021609143758,0.7297314310833557,0.7297314310833557,0.5887122128773158,0.4980817361961356,2.0009714152703633,3.3307889877209074,2.7420655463609824,0.5843830446018595,-0.22174759934097388,8.490796236068736,14.015272072857355,0.8758238664269478,0.146738600069238,0.4516835685758383,0.36655491355246156
mass_0.75g_trial_06,0.75,data/cleaned/0.75g/mass_0.75g_trial_06.csv,2_second_window,3,4000.0,6000.0,133.0,1981.0,66.66666666666667,0.04767746450163121,-0.6262239461879947,-0.040941019305124046,0.042207443609022545,0.6112812614951639,0.6112812614951639,0.5210741963932387,0.47354999999999997,1.3285174436090226,2.3464,2.173332518584872,-0.420664406916665,-0.9658245458635895,28.557005841523754,23.035857826565437,0.6278753047911635,0.04719489808698106,0.21042117445809033,0.6571077355715558,0.10705812030075189,0.36817130673639614,0.36817130673639614,0.31774467522188926,0.27756000000000003,0.8040581203007519,1.5924399999999999,2.1839239114753792,0.31142323881232514,-0.9903393317563784,27.555005636558008,19.775177675797984,0.7286143720755159,0.13256297818691767,0.22238708817065853,0.6314370343291763,11.34926037593985,1.7928310853417087,1.7928310853417087,1.5742252733337103,1.2216199999999997,4.137430375939849,7.078130000000001,2.3077636313692467,-0.4110044174251637,-1.119189353603954,28.557005841523754,22.523694530503228,0.5817838167615248,0.05829854202668632,0.22286160758009232,0.6514725574015389,1.7666701438606642,0.7761023096976146,0.7761023096976146,0.6317442782144327,0.5854206619629303,2.4059346713755883,3.8977804202899917,3.100022563150198,0.338013099700026,-0.2283632153256172,8.016001639725966,13.722045862811465,0.8513010128484318,0.1122784665104174,0.5276332346045738,0.3247250075448138
mass_0.75g_trial_06,0.75,data/cleaned/0.75g/mass_0.75g_trial_06.csv,2_second_window,4,6000.0,8000.0,133.0,1988.0,66.66666666666667,-0.15004346980096991,0.15076688096577026,-0.11802470556172802,-0.002468195488721809,0.594843096433158,0.594843096433158,0.5067349301825993,0.42100000000000004,1.2390918045112782,2.23568,2.0830565437191955,-0.4294964889274281,-1.0730221996446874,28.456453003719627,23.001837794182553,0.5368189990977045,0.030932373802988015,0.24244522111891567,0.6681782315379378,0.08441518796992481,0.36644058524361967,0.36644058524361967,0.3146653999660806,0.26074,0.7891848120300753,1.4537200000000001,2.153650124495363,0.39565632784124655,-0.9265295512864906,27.457980968501392,21.127329382924394,0.7322868655910489,0.09461852067527453,0.2382570403608091,0.616623271785773,11.577861578947369,1.612862348451937,1.612862348451937,1.4144276216857936,1.0567799999999998,3.7553915789473686,6.57106,2.328401789868727,-0.4863662405369441,-0.9978308661348736,28.456453003719627,21.07487113266958,0.6204399279300286,0.08415236037689182,0.25128940021104595,0.6030970010430298,1.6235462897412494,0.673453348057009,0.673453348057009,0.5282559715716206,0.4105032396823489,2.1386663280918112,3.3714481982919757,3.1756710903021146,0.6066712509406975,0.45480460599426076,9.485484334573208,15.66788483530757,0.8774904697219107,0.11014197515793661,0.44238623647323555,0.4275116595024545
mass_0.75g_trial_06,0.75,data/cleaned/0.75g/mass_0.75g_trial_06.csv,2_second_window,5,8000.0,10000.0,131.0,1980.0,66.66666666666667,0.08833747100446628,0.4543044050303411,0.1297181066720934,0.0039545038167938815,0.6210458157555704,0.6210458157555704,0.5413488351494669,0.39969999999999994,1.3406845038167938,2.45138,2.158752977323749,-0.4408197193178459,-1.1287313276775843,28.5681239883188,20.851493843448484,0.7434020694001999,0.05530577007574414,0.2961846834552757,0.5690458976347552,0.06645870229007633,0.3606659485604203,0.3606659485604203,0.3162795431501661,0.24278,0.8016212977099236,1.51511,2.2226143080863445,0.4052632132000899,-1.0893376810345516,27.565733672939192,18.29602042353255,0.7327263506474926,0.13844810005205552,0.2768522933200141,0.5748821998644945,11.548370534351145,1.6740781103181175,1.6740781103181175,1.4469632049414372,1.2053899999999995,3.3582305343511454,5.996270000000001,2.006017827754164,-0.5149320960028481,-1.0123583863494479,28.5681239883188,18.517554219658418,0.6822287992920845,0.10898854282729384,0.3526236046406536,0.4867596882556664,1.6656663134388865,0.7374761578788009,0.7374761578788009,0.6102071508780768,0.5242651052017897,1.8562889962635716,3.1431860060872023,2.5170834018591277,0.5971277745165768,-0.49143611703265266,8.019122523036856,16.53833131257296,0.8900091620206017,0.07489762346404653,0.3909942528046385,0.5055887575783631
mass_0.75g_trial_07,0.75,data/cleaned/0.75g/mass_0.75g_trial_07.csv,2_second_window,1,0.0,2000.0,131.0,1985.0,66.66666666666667,-0.03601955103870656,-0.004398946081419248,-0.6073419915277394,0.10861030534351146,0.4872622336095799,0.4872622336095799,0.4139339187693025,0.34312,1.0750196946564885,2.075,2.2062446471438433,0.22628587580919166,-0.9569072618055681,27.996231276499408,20.940832471776112,0.6592677540927362,0.09384107963538103,0.2074333172277464,0.6676054434951105,0.017014809160305344,0.3305296900577865,0.3305296900577865,0.28202049763999765,0.28284,0.6981751908396947,1.26266,2.1122919115606007,0.07983998106335995,-1.0540953779127118,27.496298575133345,23.621260948307253,0.6023984239484369,0.07333662329981738,0.09491180465165955,0.7853253795857349,11.299805190839695,2.027444066674131,2.027444066674131,1.7016600046617327,1.5215499999999995,4.0392651908396955,7.88501,1.9922942670698705,-0.3252508225882301,-0.9132275392410785,27.496298575133345,22.07299017430503,0.6022562223511754,0.06493065826831543,0.1965137730812542,0.7076535832967447,1.8526358062889372,1.0123953640056693,1.0123953640056693,0.8630715159197423,0.8159450854819648,2.3516679802148968,4.067595432473744,2.322875097837496,0.4276238459764002,-0.8879016845456551,10.498586728687277,13.631258060772296,0.7455111930684107,0.06462860102405242,0.6625028618206995,0.2542214784157033
mass_0.75g_trial_07,0.75,data/cleaned/0.75g/mass_0.75g_trial_07.csv,2_second_window,2,2000.0,4000.0,132.0,1984.0,66.66666666666667,-0.06575899060513822,0.027706663577264146,-0.8185839908496043,0.08623553030303031,0.4682476420742042,0.4682476420742042,0.3897417389807163,0.34385,1.0954144696969699,2.17122,2.3393913204658,0.2802977091047585,-0.6928819336867758,28.01197458415181,22.96952346725398,0.6598269187990329,0.05371545170763773,0.1707451953644379,0.728370402792134,-0.01795757575757576,0.34403790278354335,0.34403790278354335,0.29497810376492195,0.29413500000000004,0.6877275757575757,1.2918699999999999,1.998987815567141,0.09548027417979958,-1.0771987499103985,27.51176075229196,24.230799470379047,0.6065240667139468,0.06063134596895225,0.07272504465507976,0.8239798822587533,11.401167803030303,2.0319078275031717,2.0319078275031717,1.6967355601469236,1.5714550000000003,3.989587803030303,7.760980000000001,1.96346888821859,-0.10404618864548551,-0.9688940203366512,27.51176075229196,24.415651686056304,0.5948596703055931,0.028634425885654062,0.11914335144187455,0.8096048136007757,1.8326974783466885,1.052372227488971,1.052372227488971,0.9153153245534217,0.9397526888535637,2.2698501796119106,3.896348785969759,2.156889093346678,0.2872840064833847,-1.1809663551982514,11.504918132776638,14.571390657798773,0.6924417436183251,0.019181468174554083,0.6330181129042195,0.3270805839768376
mass_0.75g_trial_07,0.75,data/cleaned/0.75g/mass_0.75g_trial_07.csv,2_second_window,3,4000.0,6000.0,131.0,1986.0,66.66666666666667,-0.08182693065612112,0.02406779757172865,-0.8841912043778685,0.12207885496183206,0.4575311109392615,0.4575311109392615,0.36963002156051517,0.30152999999999996,1.2537611450381678,2.24115,2.74027517487135,0.3145542155793334,-0.29367886174249636,27.98213448372886,21.024832076869263,0.6778268524520117,0.10484504387094593,0.20183355371331282,0.6748545451230358,-0.034648549618320604,0.34573491675825185,0.34573491675825185,0.29460368743080234,0.26417,0.6843214503816794,1.33572,1.9793240925682298,0.157486196767656,-1.0114822342720913,27.48245351080513,22.30678317759827,0.6306012038913715,0.09417456543547482,0.12322819946677209,0.766703401742978,11.576738549618321,2.1273408165143213,2.1273408165143213,1.7762500134024821,1.5848200000000006,4.2273985496183215,7.93788,1.987175029408299,-0.2660704565941213,-0.9735570443135537,27.48245351080513,23.719396327102388,0.5418297245520844,0.026908132880515058,0.159049367042636,0.7845095027263081,1.9009871258492654,1.1138645550991908,1.1138645550991908,0.9753978579337326,0.9388618037714723,2.351753307433047,4.125838273021737,2.111345851402571,0.22584396886241906,-1.1604025389698167,10.493300431398323,13.009674848844812,0.7345193266823408,0.05676860776723426,0.6953554506108234,0.2411970324394104
mass_0.75g_trial_07,0.75,data/cleaned/0.75g/mass_0.75g_trial_07.csv,2_second_window,4,6000.0,8000.0,131.0,1985.0,66.66666666666667,-0.020954650031860932,-0.03221146468620787,-0.874580242451006,0.07839519083969465,0.46430873736437756,0.46430873736437756,0.3970823530097315,0.35910000000000003,1.0311048091603052,1.80873,2.2207310054368428,0.3165656394603229,-0.9862370864284449,27.996231276499408,23.082726420346862,0.6909598344349692,0.06147782425922469,0.16110263557574225,0.74594292739168,-0.03480419847328244,0.3353364397433977,0.3353364397433977,0.2826591923547579,0.26448,0.6486941984732825,1.28775,1.9344578208370935,0.13078879536278049,-0.9530584365496897,27.496298575133345,22.002613443781556,0.701722315287095,0.10277467507206932,0.12341439651315238,0.76346113295702,11.618034427480916,2.0219592116170375,2.0219592116170375,1.7095252094866267,1.5395000000000003,4.326755572519083,8.53831,2.1398827175444417,-0.2404004863030159,-0.9292093108397275,27.496298575133345,23.8739996135383,0.6406070527087596,0.029634856663911725,0.12812964719617767,0.8237745332361487,1.83485195841295,1.0245342725179258,1.0245342725179258,0.8980584879846385,0.8670137404682525,2.5196038729332684,4.238145295417647,2.459267533082144,0.4080689087344523,-0.8335695529659777,10.998519430053339,13.299794532731637,0.7939390709525976,0.05228332744234654,0.7076913854203211,0.22539853301919618
mass_0.75g_trial_07,0.75,data/cleaned/0.75g/mass_0.75g_trial_07.csv,2_second_window,5,8000.0,10000.0,133.0,1988.0,66.66666666666667,-0.1007811835939514,0.06802436250777401,-0.8224588718058841,0.05068571428571429,0.47988420324150116,0.47988420324150116,0.4119707196562835,0.36679,0.9868342857142857,1.8059699999999999,2.056400854723827,0.3793806701316199,-1.0257140361810049,27.95721698611051,22.59722590396526,0.6680069401987351,0.08009739305199996,0.16485528455766635,0.7314463670820223,-0.015448195488721806,0.3447306459409709,0.3447306459409709,0.29339638984679745,0.26844,0.8184781954887218,1.57114,2.374254233343884,0.20703822581698694,-0.8311841875495403,27.457980968501392,22.370875016342186,0.6697743291407365,0.09818585400477788,0.14911963460891817,0.7251244157981175,11.498808796992481,2.0615607468778907,2.0615607468778907,1.7601238713324665,1.5159699999999994,4.2213287969924815,7.84828,2.047637356010697,-0.35396459528664664,-1.0196209792068849,27.457980968501392,23.091636394186352,0.6489124124958824,0.045806176495173156,0.16492308682807458,0.7699345383754383,1.8845966856640497,1.0234530337164554,1.0234530337164554,0.893737036872354,0.8655214477343157,2.426745897705597,4.211678868221877,2.371135575116112,0.2977137178809638,-1.0373229140208229,11.98166442261879,15.186444002141574,0.7897625405522865,0.04562876708624435,0.6011404357473373,0.33824412928243724
mass_0.75g_trial_08,0.75,data/cleaned/0.75g/mass_0.75g_trial_08.csv,2_second_window,1,0.0,2000.0,133.0,1992.0,66.66666666666667,-0.25212217423788086,-0.021840829224985512,0.019465560816047472,0.06534864661654134,0.5054296451873975,0.5054296451873975,0.42990052235852794,0.39832,1.1432886466165413,2.038,2.2620134325374712,-0.23131911258222526,-0.9165695272569279,27.901077996472914,20.694010166480673,0.5415378654825309,0.11407570236717783,0.22217607697919023,0.6388484932776628,-0.027386015037593976,0.31099273256489485,0.31099273256489485,0.2617974899655153,0.24345,0.5919239849624061,1.1616,1.9033370332500914,-0.15701661658444982,-1.028772223037195,28.399311532124216,25.58729562687671,0.6201255317784176,0.0510054712399301,0.05935288808925504,0.7907347760188357,11.485506616541354,1.5954594870815828,1.5954594870815828,1.3987311176437338,0.9741899999999983,3.1959133834586453,5.69998,2.0031303892928145,0.4897402983897995,-1.1181921675972553,27.402844460821612,22.833775554633196,0.4440652030056587,0.03383615271806963,0.2207596350815684,0.727285742319,1.5501039214274077,0.7034517848697517,0.7034517848697517,0.5946716892702709,0.4874849903004891,1.8157000559519472,3.0757299341602824,2.581129360966985,0.3940525341627939,-0.6642656915544092,11.459371319979946,16.342419881422323,0.7970244246335048,0.03986597194079704,0.41790893310759797,0.5066719795855021
mass_0.75g_trial_08,0.75,data/cleaned/0.75g/mass_0.75g_trial_08.csv,2_second_window,2,2000.0,4000.0,133.0,1989.0,66.66666666666667,-0.1480399919754718,0.02716808318495009,0.06637574311762294,0.0010196240601503773,0.5076487332783436,0.5076487332783436,0.4334546757872124,0.42214,1.1383296240601504,2.06575,2.2423568689099924,-0.15397229523355782,-0.9913612842843333,27.943161070153092,22.351494838888556,0.5395437081408508,0.06992536916066275,0.19785986481140125,0.7228372335442467,0.004925263157894735,0.3384610322359488,0.3384610322359488,0.2825880886426593,0.25061,0.7443552631578948,1.4439600000000001,2.1992347486519157,-0.029521822492441202,-0.7869774171495618,27.943161070153092,25.521288835146205,0.5795039284394422,0.054710297015874466,0.053617764957704005,0.8229540385706058,11.468279924812029,1.581535453592226,1.581535453592226,1.426675402792696,1.277569999999999,3.028960075187971,5.51186,1.9152021336658198,0.3093561946650162,-1.3339553884598803,27.444176051043215,23.25944689509796,0.49400749755910256,0.02720687609054326,0.2028624070426576,0.7570054773880913,1.5727990011402748,0.632313845904588,0.632313845904588,0.5328366471066267,0.4961523974650861,1.4789353395233662,2.8026915424227212,2.3389260714473235,0.10373418052703334,-0.6549235252766326,13.472595515966669,15.495456897364342,0.8332472348478275,0.0834382004172951,0.496002949388698,0.41042500733118764
mass_0.75g_trial_08,0.75,data/cleaned/0.75g/mass_0.75g_trial_08.csv,2_second_window,3,4000.0,6000.0,131.0,1978.0,66.66666666666667,0.273033797774357,0.10425450518271139,-0.1947762457528073,0.15037259541984732,0.49032058347993457,0.49032058347993457,0.4126245148884098,0.39099000000000006,1.3411425954198475,2.2109500000000004,2.7352361712033475,-0.3796234535774207,-0.6395864077857842,27.593606002227713,19.38376792367455,0.7596336944855705,0.13247644989316626,0.26251915757613603,0.5730468267520358,0.0028834351145038133,0.33693074480079255,0.33693074480079255,0.2830172973602937,0.25375,0.7358234351145039,1.3780000000000001,2.183901132410915,-0.2618864842070664,-0.8884890410711295,28.095307929540944,24.55198335252736,0.4528495042904111,0.03992378409779253,0.11269699141317177,0.8229613460976684,11.37007213740458,1.570672074161131,1.570672074161131,1.366337899889284,1.037180000000001,2.9747121374045804,5.88974,1.8939103752725233,0.35902035747567196,-1.108387033976197,27.593606002227713,22.03820116602607,0.7150525513079492,0.04582409038548497,0.22962795906240654,0.7039545710818476,1.5227188112018688,0.7087134737943946,0.7087134737943946,0.6022214459373122,0.5526836060425951,1.668158404433196,3.0725987674899193,2.35378395658546,0.37185456705870273,-0.877733742490256,10.535740473577855,15.297236515420392,0.891446907661931,0.06607337759965452,0.4965728100056284,0.41604293168299034
mass_0.75g_trial_08,0.75,data/cleaned/0.75g/mass_0.75g_trial_08.csv,2_second_window,4,6000.0,8000.0,133.0,1996.0,66.66666666666667,-0.3975826462699794,0.017181839315626408,0.12335827460271556,0.08706819548872183,0.5207359942504666,0.5207359942504666,0.439389896545876,0.35863,1.0900981954887219,2.1671300000000002,2.0933797692586626,-0.1360972736632058,-0.8511300305207299,27.84516401196723,20.332925887151912,0.6238019326117719,0.1270866718936132,0.22639089721422584,0.6197541480344196,-0.03785639097744361,0.3234784954917739,0.3234784954917739,0.2708963762790435,0.27746,0.6894763909774436,1.32592,2.1314442863636267,-0.03141184481766913,-0.9303090240927121,28.342399083609504,24.805835123155394,0.5740346174326026,0.06851372628227861,0.06909348567276936,0.7920719859929768,11.53363015037594,1.6269845942549164,1.6269845942549164,1.4538382214935837,1.0715599999999998,3.3892998496240594,6.297609999999999,2.0831788214787625,0.392731266921381,-1.253043489737942,27.34792894032496,21.985620291258666,0.5483106450328211,0.03706537166306609,0.2396789176589283,0.7147549991153561,1.6067063028218036,0.6643628821428607,0.6643628821428607,0.5528463627603147,0.5243595650461287,1.7966465412945163,3.205810274765363,2.7043150506836655,0.31061947894574954,-0.6039040994714071,11.933641719414528,15.953088313378947,0.8351211081875378,0.057835735885379054,0.462521065509447,0.4458270594194469
mass_0.75g_trial_08,0.75,data/cleaned/0.75g/mass_0.75g_trial_08.csv,2_second_window,5,8000.0,10000.0,131.0,1974.0,66.66666666666667,0.44561703742088743,-0.04120367333330663,-0.2767217717233077,0.0989008396946565,0.5057283690416164,0.5057283690416164,0.4263801200396248,0.40586,1.2515108396946564,2.24671,2.4746700329790463,-0.15537775910605905,-0.843732009504699,27.649520097456925,18.304327923346225,0.7490881957866088,0.182802684892238,0.24669670178256578,0.5303516184737863,-0.0050565648854961846,0.34318974796243634,0.34318974796243634,0.2914884377367286,0.25841000000000003,0.6738134351145038,1.30487,1.963384509924975,-0.25054737294531504,-0.9840398014631364,28.152238644683415,25.329977606643634,0.39792159885439116,0.03573273551166408,0.07659298983778065,0.8638850793657904,11.45160503816794,1.579031242348302,1.579031242348302,1.40246660917196,1.1016200000000005,3.140324961832059,5.77458,1.9887668322267227,0.3582128371586951,-1.2533388304018775,27.146801550230435,22.504317430949342,0.6736181767727755,0.03218194122037053,0.2432408338576457,0.6517544463513141,1.5665214062071713,0.6425657433809733,0.6425657433809733,0.525075717862759,0.4660938034380713,1.6107770055077193,2.982799044227087,2.5067894174257273,0.23467148209583577,-0.5487248052604721,9.551652397303302,14.893271223270075,0.8562530182327482,0.07501448232756015,0.48055882424138396,0.4158567043432291
mass_0.75g_trial_09,0.75,data/cleaned/0.75g/mass_0.75g_trial_09.csv,2_second_window,1,0.0,2000.0,133.0,1993.0,66.66666666666667,-0.12862881943155863,0.16614974844945996,-0.10874564778939529,0.03599669172932331,0.6794263976455631,0.6794263976455631,0.5819833308836,0.5063200000000001,1.5288766917293233,2.67357,2.250246232744836,-0.27602988707108456,-0.9695660581114582,20.915308844375414,19.665027272841705,0.6033020092454356,0.06380373250615766,0.055640546210089396,0.8729988944469228,0.12363969924812032,0.44882601231014374,0.44882601231014374,0.3918556232686981,0.36918999999999996,1.0375296992481202,1.9634,2.3116523347385125,0.0017452234716916017,-1.0607517323511737,20.915308844375414,19.007352216549663,0.576831028812957,0.06155182620677327,0.09703544233066713,0.8328465153978866,11.676133909774435,1.5795367843669146,1.5795367843669146,1.3889799570354455,1.209249999999999,3.219776090225565,5.57666,2.038430584265289,0.38687347579476705,-1.17154417000377,21.413292388289115,18.91736887492217,0.41755516757898287,0.10708849077904896,0.05372603947161339,0.8340995133245007,1.6576687347314842,0.640418486777002,0.640418486777002,0.5207280381314756,0.4625862846692843,1.6613604244841023,2.9564898183117156,2.5941793667530386,0.39885786999920286,-0.3494720053584732,21.413292388289115,17.188754720269102,0.8631729291204511,0.18893036006357392,0.13098899465866415,0.6618304693778112
mass_0.75g_trial_09,0.75,data/cleaned/0.75g/mass_0.75g_trial_09.csv,2_second_window,2,2000.0,4000.0,134.0,1987.0,66.66666666666667,-0.20102597602213693,0.2292401710182664,0.11397725131885252,0.07501044776119403,0.710112343634364,0.710112343634364,0.6029827623078637,0.528205,1.4930704477611942,2.95337,2.1025834308408733,-0.25380683866496395,-0.9300888311379416,20.97965131548673,19.173220253467548,0.4446641711838624,0.08273010551319604,0.05167177844630802,0.8589206087405545,0.06353992537313433,0.4671667697918545,0.4671667697918545,0.40809514925373136,0.37984,1.0854099253731344,1.9361000000000002,2.323388553207107,-0.07002246705430532,-1.061441446970801,20.97965131548673,18.668362793634216,0.6385475059700567,0.07966188773477095,0.07795276946737684,0.8369374509552187,11.615423358208956,1.6747477642239297,1.6747477642239297,1.4347125662731124,1.0720099999999997,3.558566641791044,6.17817,2.12483737420606,0.5623972770931316,-0.967686316877582,21.47916682299832,19.834637520759596,0.28134455310429496,0.06594729308145915,0.046481217520494444,0.8823927240310316,1.7235314488071758,0.7461392297187797,0.7461392297187797,0.6082939152762832,0.5036751771392336,1.858070622485029,3.3197506330177338,2.49024652300528,0.321726718750282,-0.46267638715463333,24.47625986806785,16.971220422810998,0.8574049336469158,0.21225427500516672,0.10482072970077541,0.6608158066715009
mass_0.75g_trial_09,0.75,data/cleaned/0.75g/mass_0.75g_trial_09.csv,2_second_window,3,4000.0,6000.0,132.0,1981.0,66.66666666666667,0.2157756795172556,-0.1369308999483547,-0.10396177202409039,0.13319530303030302,0.6777659868613357,0.6777659868613357,0.5825360950413222,0.48002,1.419124696969697,2.72804,2.0938269616354117,-0.18067260214290448,-1.036018257406374,21.040796659376554,19.254248439483906,0.4127275394585198,0.07466833811158069,0.05217527661048406,0.8678759278194783,0.10009454545454546,0.4359315481300894,0.4359315481300894,0.3709740495867768,0.32947000000000004,1.0783654545454546,1.97647,2.473703633451305,-0.0770148037915561,-0.8515637441987907,20.53982531034378,18.840865052568358,0.5747563712311761,0.04763818593678741,0.09058578406136,0.8518501645089048,11.381659393939394,1.6067161333157793,1.6067161333157793,1.392558875114784,1.1477149999999998,3.5297406060606065,6.286670000000001,2.1968663492388556,0.4305798715227913,-1.0378185048736082,21.541768008409328,19.55770993832653,0.34659000607985874,0.07072363415300158,0.06031173738774039,0.8610884944387339,1.6511858355307378,0.7102993152193544,0.7102993152193544,0.5729039796692201,0.481502495323163,2.0763661898295167,3.537276538744857,2.9232270753186547,0.40908411656774435,-0.31138595571318195,24.54759610260598,18.189252543233533,0.8447555934910577,0.1627249085768114,0.1291405596838468,0.6729455059648726
mass_0.75g_trial_09,0.75,data/cleaned/0.75g/mass_0.75g_trial_09.csv,2_second_window,4,6000.0,8000.0,133.0,1986.0,66.66666666666667,0.1792678654630242,-0.1987255156570259,0.0442051288781517,0.025369398496240602,0.6979063123013103,0.6979063123013103,0.5963154333201424,0.51493,1.6087193984962407,3.0824,2.3050649781223083,-0.39313660624309266,-0.8602209794638886,20.98902846227101,20.19927715189801,0.40504590602945906,0.035011812545979064,0.05303181349806183,0.9068142932572055,0.011734736842105263,0.48962198679466007,0.48962198679466007,0.41771070834982194,0.39967,1.2367947368421053,2.1490299999999998,2.5260196032838653,-0.11768928758752607,-0.9215082779705002,20.489289689359794,18.61178775727573,0.6138145222806042,0.0873875050789111,0.06967794749175887,0.8383671777372593,11.290802781954888,1.450786472638205,1.450786472638205,1.2393809316524396,1.1532599999999995,3.6110572180451115,6.08231,2.489034248767518,0.31637914558927493,-0.8624452334512789,21.488767235182223,18.821402784998668,0.4011753523042675,0.12215963313212852,0.053374496841022405,0.8213025526081521,1.5673953199040782,0.6122550212416077,0.6122550212416077,0.4852902766180655,0.40899688451447846,2.0704531819165997,3.36763984570969,3.381684282013522,0.5733821275052707,0.48967820258810946,2.4986938645560723,17.970355736831166,0.8162602305212587,0.2016662239325395,0.10446307163271037,0.6624470347966253
mass_0.75g_trial_09,0.75,data/cleaned/0.75g/mass_0.75g_trial_09.csv,2_second_window,5,8000.0,10000.0,132.0,1977.0,66.66666666666667,-0.24057396974063547,0.1461941043559025,-0.026290951620638395,0.0632342424242424,0.6729370776757584,0.6729370776757584,0.5787752020202019,0.5258499999999999,1.3686742424242424,2.575,2.0338814546398223,-0.34816828520855136,-0.9741964785514527,21.083367820889123,19.96956697505514,0.33353682018338066,0.06320135542669081,0.028884701312296517,0.8939703696126194,0.08476393939393939,0.4726421711919352,0.4726421711919352,0.40903121212121213,0.397805,1.1544539393939395,2.1818299999999997,2.442553817156378,-0.055406071105150695,-0.9656186057182219,20.581382872772714,18.060521550745847,0.5858509693456883,0.0862266486072624,0.09736599520796724,0.8100799749485577,11.270272045454545,1.6406658698083987,1.6406658698083987,1.4433261122589534,1.2515450000000001,3.1443579545454554,5.66727,1.9165132964658196,0.3534544221703368,-1.2509403740718135,21.58535276900553,19.88647120077415,0.4103085516664659,0.06274748035714071,0.04397699465356903,0.8871873559565696,1.7088069881729988,0.6693266063926411,0.6693266063926411,0.5602033850567348,0.5280498394603912,1.5206208557775611,2.8780066694883084,2.2718667407724906,0.09476415751641064,-0.7793158360522559,22.08733771712194,19.089252720724218,0.8027952148293962,0.12610198622041213,0.10755527862068885,0.7310340936794262
mass_0.75g_trial_10,0.75,data/cleaned/0.75g/mass_0.75g_trial_10.csv,2_second_window,1,0.0,2000.0,134.0,1995.0,66.66666666666667,0.2003974433862524,-0.629782838825825,-0.05920814016698904,-0.031074552238805956,0.5595868402518133,0.5595868402518133,0.49934519046558246,0.457475,1.271945447761194,2.2426,2.27300814863484,-0.23925215535597574,-1.1152353177329157,25.87064676638876,20.680890360244266,0.5177668869706016,0.13205246232177018,0.11325917912315384,0.7422717986639541,0.016029626865671644,0.4023367654749511,0.4023367654749511,0.3371779026509245,0.284465,0.9086996268656716,1.5973600000000001,2.258554785051693,-0.46252296915887875,-0.9108566623835985,25.37313432857359,21.8474468303173,0.5853467679238973,0.04979371941690702,0.1306558575225369,0.7940911357557139,11.438294776119402,2.0400594865685613,2.0400594865685613,1.7651321675206058,1.7553299999999998,4.0991647761194026,7.6926,2.009335905696709,-0.10025595129969096,-1.1538964133781715,25.87064676638876,20.46143553741241,0.699122919361827,0.08595566950024279,0.21843228901612602,0.6562391328104751,1.9488471150177422,0.9158875125588625,0.9158875125588625,0.7793179485252671,0.7419487301853102,2.2217429515520393,3.8394652006592453,2.4257814645215525,0.20222161378267986,-0.813575478560463,0.49751243781516846,15.421391828280441,0.8674591096354689,0.11679689199058818,0.37812899483960105,0.48634414996748615
mass_0.75g_trial_10,0.75,data/cleaned/0.75g/mass_0.75g_trial_10.csv,2_second_window,2,2000.0,4000.0,133.0,1990.0,66.66666666666667,0.04025194732603142,-0.5160147834898282,0.052019547654357845,0.026096992481202997,0.6057131159952698,0.6057131159952698,0.5428376923511787,0.49996,1.118796992481203,2.1010299999999997,1.8470740734132294,-0.22929007537650772,-1.2901848585458955,25.934182189262568,20.542754815325615,0.5412225714262608,0.1030626306687369,0.19043298970162506,0.6965520727307772,-0.0019909022556390973,0.3985224358953557,0.3985224358953557,0.3412157544236531,0.29023000000000004,0.8212790977443608,1.49707,2.0608101922773874,-0.3614086102463423,-1.0447373164139162,25.435447916392132,22.018883962022677,0.5256486556005243,0.04756159351527389,0.14076482311281063,0.8020061458663869,11.33264240601504,1.8798489900529864,1.8798489900529864,1.6471564090677822,1.5552699999999984,4.1693375939849595,8.0135,2.217910915209971,0.0020622057847343406,-1.02784226844474,25.934182189262568,19.653786100067514,0.6469708213143418,0.16514135558609025,0.15986890140701315,0.6547903921657585,1.8325510563621936,0.8374349897333576,0.8374349897333576,0.6668625036948442,0.5320520934621977,2.392836900528027,3.9407190477361698,2.857340485964069,0.5560376505692879,-0.06484412543965012,14.463293913242586,15.086738313327992,0.8946303244064703,0.19570675501871232,0.3865971874824883,0.3688564882623731
mass_0.75g_trial_10,0.75,data/cleaned/0.75g/mass_0.75g_trial_10.csv,2_second_window,3,4000.0,6000.0,132.0,1983.0,66.66666666666667,-0.12520132127943,0.5676336495975949,-0.08909534130085883,0.023535303030303035,0.5619665210014057,0.5619665210014057,0.4955719421487603,0.467035,1.1493053030303029,2.1801500000000003,2.045149061517542,-0.1885203622450219,-1.1402183307374656,26.024236312035367,20.46766309690504,0.5291547194487825,0.14589506252197668,0.12282275108150804,0.7228737248350385,0.049549924242424236,0.3963024936560765,0.3963024936560765,0.3432866000918274,0.299945,0.7947999242424242,1.43003,2.0055385392860434,-0.4294426270174896,-1.0545283040065574,25.52377022911161,21.876857396676083,0.46668154916493987,0.0292312425545979,0.15386382723200429,0.8121351138565865,11.593801818181818,1.8863152289196707,1.8863152289196707,1.6071850688705234,1.5390949999999997,4.096198181818181,7.9758,2.171534279646437,-0.044490420004869316,-0.9310659671114938,26.024236312035367,20.942753517807535,0.5095260318476422,0.08912751926064996,0.18019564149175363,0.7210604207345306,1.7951126010393292,0.8992318553346142,0.8992318553346142,0.7461599713797419,0.6473719056049472,2.3139724354989317,3.8030038014637024,2.573276760349951,0.48760766058971705,-0.5432338112668238,14.013050321865197,15.916010586219782,0.8369092858567314,0.12780668474395923,0.44824052990179025,0.3434767283522243
mass_0.75g_trial_10,0.75,data/cleaned/0.75g/mass_0.75g_trial_10.csv,2_second_window,4,6000.0,8000.0,130.0,1973.0,66.66666666666667,-0.17525625942007841,0.5775050839991798,-0.12194159798863967,-0.031615076923076926,0.5843123033200207,0.5843123033200207,0.5074802343195266,0.45457,1.256975076923077,2.34352,2.151204192999248,-0.1873101335114376,-1.0818958904210665,26.153066396049923,20.170230084745523,0.6623564281158579,0.16158294532266337,0.12513214876210746,0.685620161117433,0.025311615384615384,0.40644985367258707,0.40644985367258707,0.3378639029585798,0.2671,0.8584616153846153,1.56535,2.1120972430614855,-0.5731016798990046,-0.725302254802608,25.6501228115105,21.305577746347193,0.612809614573647,0.048951470858279666,0.18918136703262495,0.7331574360776569,11.477291692307691,2.0206880860474383,2.0206880860474383,1.7535999479289943,1.6976949999999995,4.779991692307691,8.94376,2.3655267358247167,-0.004723525027641642,-0.9644053685271174,26.153066396049923,20.492133002491983,0.5878249456801427,0.08966273253789965,0.1949265375176286,0.7003002327879688,1.9407854966440752,0.9072785396291947,0.9072785396291947,0.7471449654040797,0.645828685477512,2.918467040744984,4.5422117265719715,3.2167266316447463,0.6279665635452576,0.08306078192989785,13.579476782564383,12.97503865012,0.8276603957782085,0.13621208152595252,0.6057037200164256,0.23429359036865433
mass_0.75g_trial_10,0.75,data/cleaned/0.75g/mass_0.75g_trial_10.csv,2_second_window,5,8000.0,10000.0,133.0,1986.0,66.66666666666667,-0.05104858262239476,-0.3322175102102627,-0.017216948231380265,0.004866691729323307,0.5759750956235253,0.5759750956235253,0.5097726044434395,0.48354,1.2661266917293235,2.2324,2.198231662010786,-0.25562279438433244,-1.1725518549700278,25.986416191383153,20.768611139910952,0.5498348414471631,0.12458137437620116,0.1341691246861187,0.7241115826171594,0.009771729323308267,0.4011853081862897,0.4011853081862897,0.3417781276499519,0.28525,0.8197417293233082,1.5674899999999998,2.043299474323378,-0.3441907191869181,-0.9939397812756452,25.48667741847194,21.664356905740974,0.44698585488543224,0.07223739899679861,0.1314120508305282,0.7845619432029101,11.494889548872179,1.8216631822788958,1.8216631822788958,1.5800070642772344,1.4314300000000006,3.9021104511278217,7.605160000000001,2.142059239648403,0.08296009946782597,-0.9353786378634976,25.986416191383153,20.557946361271203,0.5836562672747202,0.09964725968341534,0.19640151903354983,0.6889564826744318,1.7770625625287102,0.8082093545687434,0.8082093545687434,0.6678132165898333,0.5365082571305508,2.194225503432002,3.6199064890841304,2.7149221807792983,0.6885441608224216,-0.24118510851955577,13.992685641514006,15.491733438116254,0.8415434433545146,0.14832325945216193,0.3971473284434233,0.3988445173095785
mass_1.00g_trial_01,1.0,data/cleaned/1.00g/mass_1.00g_trial_01.csv,2_second_window,1,0.0,2000.0,132.0,1989.0,66.66666666666667,0.17701230940263213,0.23692737216865165,0.027872394608604217,0.07625719696969696,0.508286173075631,0.508286173075631,0.43880897268135904,0.43903000000000003,1.0087328030303029,1.9944,1.9845765170562832,0.13866241738932603,-1.0516844793172173,23.94990630273757,19.704573215130818,0.5131347857548186,0.10883002903290939,0.10647902847123543,0.7738485954041474,0.053785454545454546,0.45657759022371036,0.45657759022371036,0.3922776308539944,0.32286,1.0070154545454546,1.75752,2.205573545674997,-0.5293222494832199,-0.9210633399289487,24.448862684044602,20.843525499179197,0.5706888899669003,0.08937588424973535,0.061844039866088066,0.8437551402801773,11.53224106060606,1.7457405346144212,1.7457405346144212,1.5520211317722683,1.5694299999999997,3.4828089393939408,6.84596,1.9950324062121767,-0.11587312283219468,-1.2740598501037885,23.94990630273757,20.35698972053448,0.6382144499864163,0.08119837052389421,0.12185609424264156,0.7818168571314524,1.7270287342216573,0.7292459770221202,0.7292459770221202,0.6090814639807532,0.5652568428042284,1.8098902352397175,3.2699535528508954,2.4818652310300204,0.14732170655713955,-0.6965298774950202,17.962429727053177,17.533367513390548,0.8862416342100548,0.05273339708504615,0.32340314623253397,0.5404765245956512
mass_1.00g_trial_01,1.0,data/cleaned/1.00g/mass_1.00g_trial_01.csv,2_second_window,2,2000.0,4000.0,133.0,1985.0,66.66666666666667,0.010458860536715209,-0.03499544108819593,0.03965200418696635,0.036151428571428564,0.5560624635818588,0.5560624635818588,0.48259336197636943,0.47596,1.2180785714285713,2.37655,2.1905427019517854,0.02334763256113885,-1.0525315148594108,23.999545462949136,19.94815504596367,0.4816766268301397,0.08396581573022144,0.13172799807299648,0.7784667730297916,0.07693315789473686,0.47620611577794064,0.47620611577794064,0.40508005540166203,0.29991,1.0347331578947367,1.78095,2.1728682677759696,-0.5712440134619114,-0.8010819246796412,24.499535993427244,20.963129427497755,0.685281787105062,0.09186610680983916,0.0725481127181688,0.8092208863428297,11.564924962406016,1.8062518967156573,1.8062518967156573,1.6257572570524053,1.7162499999999987,3.2085349624060164,6.2014900000000015,1.776349670962371,-0.05942838575701343,-1.4376331320474485,23.999545462949136,20.06740878317982,0.6477450011236711,0.13903690929048426,0.07291658012926086,0.764972486284208,1.8148299516134978,0.7105743375780597,0.7105743375780597,0.5943678943295634,0.5203301382692229,1.4857731762786308,2.9185231187170375,2.090946854825604,-0.2942756881412569,-0.8524413321977313,20.499611749602387,15.203190868520709,0.874708366434929,0.1323209311467486,0.3135041079703989,0.5362280618062814
mass_1.00g_trial_01,1.0,data/cleaned/1.00g/mass_1.00g_trial_01.csv,2_second_window,3,4000.0,6000.0,134.0,1993.0,66.66666666666667,-0.17756895040219384,0.03823915803353807,0.08837637677006191,-0.0024474626865671643,0.5040253836916374,0.5040253836916374,0.42549511249721544,0.395945,1.230442537313433,2.2938400000000003,2.441231289387237,0.03887969081974587,-0.80057028805318,23.904561487884465,19.219128010630264,0.6430480152821109,0.1314477858290913,0.1383476388362315,0.7096092234657836,0.05532022388059702,0.4672399808377205,0.4672399808377205,0.4130467609712631,0.32146,1.058250223880597,1.88917,2.264896556975383,-0.4108206071337748,-1.1130730938429876,24.402573185548725,21.51764542661148,0.4801681583901,0.060407219655934985,0.07933888882969216,0.854077357712602,11.63289141791045,1.6646725614761515,1.6646725614761515,1.502029690354199,1.4789400000000006,3.3102085820895493,6.582619999999999,1.9885043213268414,0.0502473341413914,-1.3450602971275638,23.904561487884465,20.047505822264355,0.5111835048386119,0.10482266053042462,0.10371893624431604,0.7841761807169587,1.6854139518251003,0.6347198870553884,0.6347198870553884,0.5252562481454194,0.44972944399638115,1.749375948789231,3.166152690644939,2.7561385494079738,0.25980947813846167,-0.42336450232682044,18.42643281357761,17.767021546315704,0.9130591541738932,0.13766439089279045,0.2110991182556633,0.5537729633811845
mass_1.00g_trial_01,1.0,data/cleaned/1.00g/mass_1.00g_trial_01.csv,2_second_window,4,6000.0,8000.0,131.0,1975.0,66.66666666666667,0.22486831560784848,-0.0008921974249412076,0.12132303936345866,0.03666396946564885,0.512025235103424,0.512025235103424,0.43862305226968124,0.41273,0.998366030534351,1.89895,1.9498375511368908,0.13934120226614022,-1.084294505228951,24.118272296758086,20.144429555956933,0.5047935596088473,0.13224870600751312,0.0803507429585282,0.7834844246640695,0.03478366412213742,0.44240797899987905,0.44240797899987905,0.38093313792902517,0.2824,0.9618236641221374,1.65678,2.174064912428716,-0.5792686699823464,-0.9347192636116266,24.118272296758086,20.687636171356985,0.6956907050232147,0.07454159337551156,0.07610284088207661,0.8271398853395944,11.446898702290076,1.7532478265728109,1.7532478265728109,1.5608138663248063,1.6067999999999998,3.202858702290076,6.06667,1.8268145859053566,-0.15296995283655007,-1.339101270770131,23.615808290575625,19.557177619628366,0.6310479476225129,0.1010693783943872,0.12720799987218034,0.7593818056668162,1.7330175626933602,0.7269269083230613,0.7269269083230613,0.613003188799668,0.5665449640504541,1.564820340674372,2.9979729073673886,2.152651556515134,-0.053280222900507414,-0.8542787138074965,17.586240216386106,17.356052689514176,0.8412989471774781,0.06917740210438607,0.19330185987680054,0.7047667641348606
mass_1.00g_trial_01,1.0,data/cleaned/1.00g/mass_1.00g_trial_01.csv,2_second_window,5,8000.0,10000.0,132.0,1989.0,66.66666666666667,-0.43000232463794813,-0.030591633025896688,0.029559200456128063,0.05686568181818182,0.5498162157983685,0.5498162157983685,0.4798233643250689,0.466215,1.0525743181818181,2.08476,1.9144111940267396,0.14330590431707488,-1.1587647468179765,23.94990630273757,20.273147423121863,0.5213899475860699,0.0994672251665174,0.11017824834876282,0.7831987848092662,0.04464378787878788,0.4724474152854415,0.4724474152854415,0.40394995408631773,0.26184,1.064223787878788,1.82999,2.252576167097473,-0.6475417831381868,-0.861136025921093,24.448862684044602,22.11945647973688,0.5131538405853407,0.043909824310439986,0.09327799969928033,0.8451016747001363,11.310281515151514,1.7065368357607493,1.7065368357607493,1.5240284389348027,1.639335,3.171978484848486,6.25112,1.8587225416874544,-0.09977721185692719,-1.3795669905169925,23.94990630273757,20.071874061622186,0.57226982954645,0.10181409991728613,0.10435552085315578,0.7884251064720948,1.7292897348117706,0.6688268955773826,0.6688268955773826,0.5596441972386192,0.542360681635933,1.6454798103292094,2.9490540952478446,2.4602476682829946,-0.08473327747457135,-0.7083302548352419,16.964516964439113,18.259397001222233,0.8898777897026995,0.13350811227362935,0.14921828869681314,0.6653515224568631
mass_1.00g_trial_02,1.0,data/cleaned/1.00g/mass_1.00g_trial_02.csv,2_second_window,1,0.0,2000.0,135.0,1998.0,66.66666666666667,-0.7710466830800476,-0.33090198385298575,0.19331441361315158,0.05220896296296296,0.6029051730453558,0.6029051730453558,0.5165609525377229,0.49848,1.355941037037037,2.6733599999999997,2.249012112780514,0.18669606421828966,-0.9952233109244433,18.381344307022964,16.7463467585283,0.5422236115646727,0.087657522618644,0.06898212640032686,0.8274518770085939,0.025364074074074074,0.6515383311452597,0.6515383311452597,0.5753855253772291,0.60221,1.1672459259259258,2.32592,1.7915230311533117,0.028250380208145683,-1.2603723733044532,18.381344307022964,17.208180538750106,0.2995941774608373,0.06482573953836816,0.043053874226988094,0.8852166447877832,11.458519703703704,1.9624939866936666,1.9624939866936666,1.6647186425240055,1.5124499999999994,4.315329703703704,7.817850000000001,2.1989008542003248,0.03981268067802635,-0.9822078364894953,18.381344307022964,16.380981665685297,0.3649966481910928,0.10646844406227471,0.09224263672460244,0.77378227503229,1.974289087630578,0.8611399949532134,0.8611399949532134,0.7267308297956716,0.6507714606002011,2.4579787186938535,4.026614326423742,2.8543311576503867,0.38555009053281075,-0.6436353533921579,30.30437845211894,19.263208010054136,0.8807169952433682,0.083816785965108,0.30241807940696963,0.35972313296193714
mass_1.00g_trial_02,1.0,data/cleaned/1.00g/mass_1.00g_trial_02.csv,2_second_window,2,2000.0,4000.0,131.0,1985.0,66.66666666666667,0.02574006104849093,0.002000365946329928,0.8051077193640107,0.0010367175572519075,0.5662455552823455,0.5662455552823455,0.5056126228075288,0.50559,1.0942032824427481,2.02751,1.9323829957431602,0.1819711229789089,-1.3469282513707688,17.99757724917819,16.94931909062876,0.5363740676552494,0.026585226283632142,0.11373791584169826,0.8571299566227584,0.07132358778625955,0.6605270305545675,0.6605270305545675,0.5762443785327196,0.55308,1.3540664122137405,2.44458,2.0499788041632283,0.2541008077655662,-1.1209546663409482,18.497509950544252,17.50069693404755,0.506541224564471,0.05196064283273922,0.059864640073002254,0.8813867432126778,11.48596893129771,1.9363065454548711,1.9363065454548711,1.6615170584464776,1.6250099999999996,4.0891010687022895,7.4732,2.1118045994838543,0.13654075233194504,-1.0150748693895908,18.497509950544252,16.438054844298385,0.4248980681348816,0.11031410476265516,0.08076494797768236,0.8033947627381562,1.9222011830166177,0.9007528167877904,0.9007528167877904,0.7615674937466649,0.7002950492146691,2.2421411289660393,3.745559460994176,2.4891858090012153,0.41021724895664896,-0.8011235276445694,28.496163977865468,18.41688116919893,0.9137055739017602,0.09188152329462823,0.2682017545271432,0.5831791038013943
mass_1.00g_trial_02,1.0,data/cleaned/1.00g/mass_1.00g_trial_02.csv,2_second_window,3,4000.0,6000.0,131.0,1974.0,66.66666666666667,0.7806638359399269,0.2994870795742367,0.32349004270347526,0.0851603816793893,0.5981824123423658,0.5981824123423658,0.5350576365013694,0.49513,1.1689996183206106,2.15467,1.9542527399677898,0.18442405275258944,-1.2683161333630533,18.097867700153625,17.40991426006746,0.30539605790779206,0.030541632208028385,0.06566972304148389,0.8958089468146829,0.0015809160305343517,0.637986512794399,0.637986512794399,0.5504067245498515,0.55094,1.3812590839694656,2.54261,2.1650286585519054,0.10341071092804355,-1.0676966562256347,18.097867700153625,16.325216713110947,0.5648721584385361,0.10102200805064579,0.07971866896066024,0.8141147008051837,11.668463435114504,1.903163501645371,1.903163501645371,1.6653232608822328,1.5244999999999997,4.380406564885497,8.269940000000002,2.301644898663955,0.17614936352504304,-1.1095322334461029,18.600586247380114,15.51034398734656,0.6224210747720539,0.15373851235636238,0.10285796091422725,0.732883271270006,1.9395146195616573,0.7906727157585248,0.7906727157585248,0.6549070555066328,0.6402916487823387,2.475422031425661,3.877133993658835,3.130779628649367,0.37297582137860735,-0.2973339196393536,14.076119322341707,17.40282328881284,0.8612758687560882,0.060035309189939774,0.38127972731906323,0.5285522746750987
mass_1.00g_trial_02,1.0,data/cleaned/1.00g/mass_1.00g_trial_02.csv,2_second_window,4,6000.0,8000.0,132.0,1982.0,66.66666666666667,0.2528424242581567,-0.5254806580137472,-0.5027935073149592,0.09178234848484848,0.6144659648227436,0.6144659648227436,0.5383742378328743,0.524995,1.4299876515151515,2.44799,2.3272040005139476,0.1900870193201628,-1.1468486466679315,18.025869186524375,16.492905543101866,0.4604158179914834,0.08377285096695083,0.05777328814043192,0.8486945380416369,0.0620343181818182,0.6840106720838025,0.6840106720838025,0.5956162878787878,0.61494,1.5331956818181818,3.03453,2.241479182111855,0.04755451993990749,-1.00997548627084,18.52658777503894,16.62943529221441,0.5375799451022032,0.09606889402960948,0.047939647717912204,0.8493641522061561,11.742923257575757,1.9383151064002047,1.9383151064002047,1.6443630567033978,1.5973899999999999,4.855816742424242,8.95823,2.5051740691648203,0.062414857602606476,-0.7121725555061746,18.52658777503894,16.28722227822011,0.4943700869645137,0.12160416451393952,0.08672630613811819,0.7839613653124514,1.9555937258399967,0.8821324461805938,0.8821324461805938,0.6914732165049664,0.5612891983524504,2.973162494662069,4.555671102815338,3.370426411062303,0.8349400606052826,0.6786762583797175,29.542396722359392,20.27161532508386,0.8541025341502145,0.053730759178305394,0.26161309930548515,0.5778959619688814
mass_1.00g_trial_02,1.0,data/cleaned/1.00g/mass_1.00g_trial_02.csv,2_second_window,5,8000.0,10000.0,133.0,1990.0,66.66666666666667,-0.5979096735685359,0.6365050415071108,-0.6896283877247206,0.013861052631578955,0.585942350690515,0.585942350690515,0.515212449544915,0.47708000000000006,1.295798947368421,2.3142199999999997,2.2114785624240367,0.26278670276160604,-1.1974250195123517,17.954433823335624,16.442232334774324,0.5575880410089747,0.08649367688710112,0.0767103002583243,0.8321905196713909,0.0968369172932331,0.6445764437655275,0.6445764437655275,0.5693618565210018,0.5707,1.274526917293233,2.43329,1.9773091766239872,0.07251674816638243,-1.2762271288339104,18.453168096206056,17.059989649702125,0.46587001409045736,0.07049018148252051,0.0702472671705652,0.8536147949623969,11.647092180451127,1.8472008200307604,1.8472008200307604,1.5544464537283056,1.49681,4.969357819548874,8.361080000000001,2.690209838400852,0.27016169064522066,-0.7345838337749835,18.453168096206056,16.434201724583918,0.44204956645616217,0.11945716989901253,0.08559325564976114,0.7801110500289243,1.8417898603076719,0.8824784474310414,0.8824784474310414,0.7258717448881752,0.6823990067559809,3.284741938697394,4.786623046734324,3.7221780863425225,0.6940403062414924,0.6722158479233205,18.453168096206056,18.75571860988706,0.8758268837774316,0.08846954061056786,0.28877350209973224,0.48339099902773475
mass_1.00g_trial_03,1.0,data/cleaned/1.00g/mass_1.00g_trial_03.csv,2_second_window,1,0.0,2000.0,131.0,1984.0,66.66666666666667,0.6283771120389666,-0.2932356855677014,0.1813537172708795,0.016178625954198476,0.4093026953540206,0.4093026953540206,0.34090868597401075,0.29742,1.1445186259541984,1.9319799999999998,2.7962645712954886,-0.37011222115786846,-0.584199446303364,21.507941394017347,18.42129591748198,0.4916155661420925,0.08816822619021006,0.10168673710946816,0.7991126879624191,0.09820045801526718,0.471487246088606,0.471487246088606,0.4018875403531263,0.3251,1.0103795419847328,1.8335,2.1429626153553545,0.43160950389221,-0.9363423558960084,21.507941394017347,18.529688948972158,0.6553539415200157,0.07816524111792125,0.11836971070040239,0.7931646205887226,11.571350992366414,2.0253375258561226,2.0253375258561226,1.7821766353942075,1.086590000000001,4.313420992366414,7.322279999999999,2.129729458571654,-0.5760275287425818,-1.0678256592777147,21.507941394017347,19.7824115133215,0.5855527763074694,0.04484088262425438,0.08028917357345944,0.866814061796979,1.9229746186083623,0.891060957217466,0.891060957217466,0.7306723366449435,0.5851860157886539,2.408306825758164,4.05000380119773,2.702740824015713,0.5229808439930721,-0.3975494439469074,21.507941394017347,13.029679701338413,0.7882119575279207,0.36433684513663095,0.13602903160773522,0.4890689767851316
mass_1.00g_trial_03,1.0,data/cleaned/1.00g/mass_1.00g_trial_03.csv,2_second_window,2,2000.0,4000.0,133.0,1989.0,66.66666666666667,0.11949122857118559,0.2744572848876416,0.06346638633786093,0.01775233082706767,0.47400858462275874,0.47400858462275874,0.4003486042173102,0.39304,1.0576823308270678,1.8787,2.2313569102737403,-0.19448721755944562,-0.9669217100116683,21.456355821724696,20.357298992742344,0.48479559239815906,0.05152825242502957,0.04238157301647967,0.8986950452874783,0.06837789473684211,0.5259782435222258,0.5259782435222258,0.4567431499802137,0.37716,1.0535921052631578,1.9689999999999999,2.0031096689622623,0.40876440274529696,-1.1127718872430308,21.955340840834573,19.518019724152857,0.5957634340312564,0.09677534459313561,0.04454398357346658,0.8524663159782592,11.444365338345865,2.0637712742571415,2.0637712742571415,1.797076746000339,1.317450000000001,4.357235338345864,7.16826,2.1112976000280166,-0.5947703215351035,-1.0023529342710578,21.456355821724696,20.323625786951986,0.5622927964821268,0.06503790193439209,0.03521103486614657,0.8913517276334356,1.9727477180914312,0.9320705789631996,0.9320705789631996,0.7474309836421362,0.6597850554854712,2.453580469162278,4.232079022981845,2.6323977223823,0.5305220507632987,-0.1727993252674298,21.456355821724696,17.220496812724154,0.8115225954296376,0.25339407410545617,0.0703255423795476,0.6226827135863441
mass_1.00g_trial_03,1.0,data/cleaned/1.00g/mass_1.00g_trial_03.csv,2_second_window,3,4000.0,6000.0,132.0,1985.0,66.66666666666667,-0.6640884968017443,0.1657237062703593,0.05727897968738706,0.0275644696969697,0.4499477525718022,0.4499477525718022,0.37613167470156106,0.34791000000000005,0.9028644696969697,1.7906900000000001,2.0065984651248847,-0.0487790814351678,-0.9050002132684405,21.49835890363313,20.380430266200825,0.42305082224022333,0.0363474288818741,0.056271448364547255,0.8972838725124197,0.09193825757575759,0.42143307952260145,0.42143307952260145,0.3640151480716253,0.317725,0.9187717424242424,1.7088999999999999,2.180113016911309,0.21471655946376383,-0.993933692750069,21.49835890363313,18.873265085151747,0.6365823333585395,0.09080090918924896,0.1119946554512954,0.7860954776915509,11.675532196969698,1.914340935091142,1.914340935091142,1.7088971671258033,1.2072000000000003,4.1385221969696975,7.11942,2.161852218227085,-0.4488891775876169,-1.2261076670647175,21.49835890363313,19.865531537692384,0.5539455517054218,0.07040047437415396,0.02928734960752847,0.8889319607940994,1.8506488300766144,0.7873112116958612,0.7873112116958612,0.6511261280101337,0.5999852768442604,2.2972451326437184,3.800463985034889,2.9178361726812874,0.3830872647413732,-0.4000427338867447,23.49820624350598,16.31877693757272,0.8050878172595589,0.2508597025191086,0.12834252219276748,0.5790771460497551
mass_1.00g_trial_03,1.0,data/cleaned/1.00g/mass_1.00g_trial_03.csv,2_second_window,4,6000.0,8000.0,132.0,1985.0,66.66666666666667,-0.23333391944779755,-0.3244116379236731,-0.0635031829984533,0.05327257575757576,0.4389703953495787,0.4389703953495787,0.3652342722681359,0.33764,1.0072325757575757,1.782,2.2945341791340064,-0.20905292842584347,-0.8491789049662581,21.49835890363313,19.695432197228463,0.3729517853705682,0.06576672299565071,0.06234136123614376,0.8618839450401998,0.07198651515151516,0.4725086466067673,0.4725086466067673,0.403970987144169,0.30075,0.9831634848484849,1.89585,2.080731203352341,0.4878469935382227,-0.9802082575716278,21.49835890363313,19.559105176552325,0.5852006166896874,0.05401718803463752,0.10926118318931098,0.8313633067212828,11.612872500000002,2.019359619245656,2.019359619245656,1.7887756060606057,1.2486949999999997,3.8940625000000013,6.9243,1.928365043495646,-0.4723619056179034,-1.1810434517058574,20.998397068664918,20.848581780092257,0.6143461205985395,0.04927160904491617,0.02996703074626213,0.900320227759727,1.9457375258498006,0.8413549675680194,0.8413549675680194,0.6933167144828297,0.6160649788491436,2.0160622384405524,3.351203513250341,2.396208872775882,0.4193870242496181,-0.5523698221247191,20.998397068664918,13.451031209290717,0.8494799452994806,0.30082896717741153,0.20788020585207098,0.4756840717413165
mass_1.00g_trial_03,1.0,data/cleaned/1.00g/mass_1.00g_trial_03.csv,2_second_window,5,8000.0,10000.0,132.0,1983.0,66.66666666666667,0.6584458059153554,-0.011281358406739512,0.057079672460883815,0.026468333333333337,0.4394205251636535,0.4394205251636535,0.3597026262626263,0.329395,0.9479383333333333,1.8161100000000001,2.157246371184624,-0.23982914748496736,-0.7801983449236936,21.520041565721552,19.01144306855885,0.41196910569412,0.09043453184498373,0.0684322517912722,0.8336974383976632,0.09522378787878788,0.5394890390095146,0.5394890390095146,0.4710564462809917,0.35524500000000003,1.2101562121212122,2.04396,2.243152547349288,0.535022917685735,-1.0609511360022934,21.520041565721552,18.929594523291733,0.5873189325198553,0.07363128917351668,0.09481765520717442,0.8277115308982036,11.531631439393939,2.0734930845622497,2.0734930845622497,1.841224207988981,1.24395,3.9417914393939393,7.16481,1.9010391058169938,-0.46160438776469764,-1.1906562486499237,21.520041565721552,20.421279444134424,0.549645768129303,0.05596961943443804,0.0265372808622997,0.9032230282760411,1.9936044573806413,0.8994741021208019,0.8994741021208019,0.7359607485103897,0.661247255125728,2.220172927842465,3.986022908432889,2.4683011135147606,0.37549605767042343,-0.5905463896786922,21.520041565721552,14.303659412754683,0.7818115014608832,0.3434725224834613,0.0815619785132962,0.5525766380183732
mass_1.00g_trial_04,1.0,data/cleaned/1.00g/mass_1.00g_trial_04.csv,2_second_window,1,0.0,2000.0,131.0,1987.0,66.66666666666667,-0.13238556877775495,-0.868931198805975,0.2604542612184537,0.0777326717557252,0.6486468063542942,0.6486468063542942,0.5451083503292349,0.45138,1.3274426717557253,2.5032,2.0464799313768136,-0.42215190253062096,-0.9005274824550673,19.97717991367657,18.77074423143154,0.3370152939793267,0.05628436533685233,0.0604242116619966,0.8735663160599889,-0.010698015267175575,0.48749601354474176,0.48749601354474176,0.4108626746693083,0.33269000000000004,1.2377019847328243,2.1633,2.538896627550021,-0.5503005956940963,-0.6796666614686973,19.477750415834652,16.901206663960544,0.6044340108379849,0.12377762957397692,0.09632613154108623,0.7715218701808112,11.404110839694658,1.878853289884546,1.878853289884546,1.6183620558242529,1.4436600000000013,3.8016491603053417,6.94153,2.0233879785999416,0.38496219002085275,-0.9732777552385135,19.97717991367657,18.94744772854105,0.3328027300798702,0.03653996293454235,0.07422237080540423,0.8831443420931696,1.8285485526375354,0.9191816567865114,0.9191816567865114,0.7724983999005306,0.7066445900188167,2.1514108322068637,3.7278006481745023,2.340571981960851,0.4328567683616702,-0.7307507538656828,4.494865480577228,14.989903062378133,0.8509878492224436,0.2507012621220327,0.267387638217237,0.4380003744462995
mass_1.00g_trial_04,1.0,data/cleaned/1.00g/mass_1.00g_trial_04.csv,2_second_window,2,2000.0,4000.0,134.0,1992.0,66.66666666666667,-0.153521176902153,-0.6077258683143231,-0.37219336671782766,0.06325037313432837,0.7727695874410053,0.7727695874410053,0.6013174760525729,0.46987,4.350340373134329,5.57829,5.629543972531711,-1.5663290501130767,5.75534668315033,19.93046814119696,17.54473877462665,0.44334670711828633,0.0759590546803121,0.12785274842084182,0.7931554890176611,0.061224701492537316,0.6372047769162679,0.6372047769162679,0.43372884606816664,0.319615,4.847055298507463,6.016170000000001,7.60674664424933,2.9287578423305596,22.82749726713428,19.432206437667034,14.027675022890481,0.7508097918653105,0.23699702411407922,0.17682717248872107,0.580553830084058,11.280521343283583,1.9200438174601258,1.9200438174601258,1.5879281309868571,1.3318649999999996,6.6650613432835835,10.734100000000002,3.471306895537554,0.15428665285804072,-0.11343057453250305,19.93046814119696,17.415507739030414,0.42763738040094945,0.06986856744636025,0.1436254251427661,0.7792296602991658,1.829669283296025,1.1584823424327686,1.1584823424327686,0.8593031884807504,0.7430278642476451,7.489260330057914,9.152629370459545,6.4647168590681785,2.154601757006378,11.114028950992491,19.93046814119696,14.977212570383637,0.8683370654034868,0.23803428819167385,0.25041361789245814,0.49645805493883
mass_1.00g_trial_04,1.0,data/cleaned/1.00g/mass_1.00g_trial_04.csv,2_second_window,3,4000.0,6000.0,131.0,1981.0,66.66666666666667,0.03788404790329747,-0.9065670303283011,-0.1487459818087141,0.10140847328244273,0.6799781074893843,0.6799781074893843,0.5754202680496475,0.49509000000000003,1.4562384732824427,2.52114,2.1415961149972427,-0.4929556815095185,-0.8562453614901901,20.037686263727885,19.132190420693814,0.33558230552922436,0.03196721687730642,0.06560941786244645,0.8951970155795302,0.0336667175572519,0.48388051603745724,0.48388051603745724,0.4030954618029252,0.32882,1.0437667175572518,1.77104,2.1570753170736343,-0.6047157322223884,-0.8187784136261982,19.536744107134687,17.60231950836747,0.45008262938821625,0.07576083365386382,0.08026756625076444,0.8391339398462125,11.57856145038168,1.8998826915486091,1.8998826915486091,1.653125258434823,1.2735700000000012,4.43478854961832,7.27778,2.3342433558376645,0.5342906781590788,-0.9333627046830375,20.037686263727885,19.16600612777838,0.37639116962742625,0.04769655863067309,0.049944305426601714,0.8928874942753976,1.8535852280825775,0.9328915394329436,0.9328915394329436,0.7301118418695647,0.6096721017763398,2.7351162055056273,4.40611222365324,2.9318694509419205,0.5396200350878411,-0.025033577762112458,3.5065950961523793,15.701348482042143,0.8925128830257903,0.17047798175761422,0.27369628508457217,0.5312102354867798
mass_1.00g_trial_04,1.0,data/cleaned/1.00g/mass_1.00g_trial_04.csv,2_second_window,4,6000.0,8000.0,133.0,1984.0,66.66666666666667,-0.30932862931682703,-0.8671595815860061,0.34389431056065756,0.028530601503759398,0.660617297259719,0.660617297259719,0.5651585516422636,0.42524000000000006,1.5436506015037594,2.62588,2.3366790544342644,-0.46557252052483855,-0.8964762740419516,20.009701673314723,18.66283679790863,0.2811858803291607,0.032781337145706496,0.08403122164970941,0.8800882804538784,0.029145864661654135,0.4551368150316833,0.4551368150316833,0.38503880942958896,0.272,1.0794258646616541,1.78489,2.3716514002202005,-0.6437726096034906,-0.7408732964084499,19.509459131481854,18.572108383141295,0.4442659053158341,0.043298365374393015,0.07510551452764999,0.8778487423994892,11.538372481203009,1.8612281690734453,1.8612281690734453,1.6284751653570018,1.3373800000000013,4.257127518796992,7.273,2.2872679392748876,0.4582567092449751,-1.0586576159328687,20.009701673314723,19.115451624877032,0.3218327912951086,0.03252078277307509,0.0742517133562395,0.8797950035991995,1.8274912679512711,0.8763621949572363,0.8763621949572363,0.7152938839219924,0.6803426856118564,2.5684591256746456,4.1626946674281005,2.9308191755122186,0.39857103676481964,-0.39688897893634945,26.51285471714201,18.877951702050776,0.8115957579228956,0.05931447140994179,0.25841714866382215,0.6486284454706087
mass_1.00g_trial_04,1.0,data/cleaned/1.00g/mass_1.00g_trial_04.csv,2_second_window,5,8000.0,10000.0,132.0,1984.0,66.66666666666667,0.2254703738691601,-0.8549214272454808,-0.2602673485280193,0.09498401515151514,0.6712302368591794,0.6712302368591794,0.5785885284664831,0.49886,1.5173840151515152,2.66676,2.2606014029577373,-0.4286907790405456,-0.9764630304152391,20.008553274394153,18.723611590517123,0.2744998694886552,0.03777304827339316,0.07007636329182708,0.8906455213420646,0.02439818181818182,0.46645856499024096,0.46645856499024096,0.39567353994490356,0.29251499999999997,1.1156981818181817,1.80311,2.391848420323301,-0.6319673928474088,-0.7326302046803521,19.508339442534297,18.08985347193244,0.4467821441182462,0.062215419530229875,0.08369225824036296,0.8499570146104486,11.432380151515153,1.8957981281275964,1.8957981281275964,1.6448951698806247,1.40815,3.9072398484848474,7.52193,2.0609999506349714,0.31212254243529935,-1.0524656046288567,20.008553274394153,18.95424576677732,0.33094889968805363,0.03869089647614956,0.06886714461950366,0.885984864652446,1.8632728143243282,0.8890436354526031,0.8890436354526031,0.7485772331903944,0.7064084521242097,2.164640474526144,3.6206674734380058,2.4347966603733093,0.4019290448419965,-0.7110412997694757,25.510905424852545,18.386232650713577,0.8409571566531403,0.13475103412109737,0.17576619794832693,0.6495086321149915
mass_1.00g_trial_05,1.0,data/cleaned/1.00g/mass_1.00g_trial_05.csv,2_second_window,1,0.0,2000.0,133.0,1992.0,66.66666666666667,-0.03078196656169278,0.18604322617724003,-0.28997907959906527,0.14986135338345863,0.5107031989425936,0.5107031989425936,0.44181001187178476,0.39484,1.2452613533834587,2.22072,2.4383269107414267,-0.30873256292979573,-0.8993198950573835,22.42050910430859,19.264640034368455,0.4458035227232577,0.11088573301684189,0.0808732874134247,0.7982754132064068,0.04178015037593985,0.443089563009667,0.443089563009667,0.39341351687489406,0.38224,0.9761001503759399,1.8036500000000002,2.2029409669363935,-0.2354584636845273,-1.2045621704506553,21.922275568657287,17.872300298553693,0.4159294435827805,0.16929880567199995,0.07065489623535626,0.7563192542198365,11.390965488721804,1.6787185206577062,1.6787185206577062,1.4293915303295834,1.4042000000000012,3.477164511278197,6.7422,2.0713207535923748,0.10405847458701788,-1.0361432360018916,21.922275568657287,19.01356935275465,0.6833927307343948,0.08850930820014015,0.10637124959040241,0.7941885298079585,1.6369530220512023,0.7717686139348561,0.7717686139348561,0.6400315019767513,0.583838317323817,1.9196967516652235,3.362290859976856,2.4873993539043586,0.3119096418658089,-0.6684545852159944,21.424042033005986,16.09639501193891,0.8149070660715866,0.2124374498303245,0.1668517832066104,0.6057507501395982
mass_1.00g_trial_05,1.0,data/cleaned/1.00g/mass_1.00g_trial_05.csv,2_second_window,2,2000.0,4000.0,132.0,1991.0,66.66666666666667,-0.03373130326812125,-0.5129423175025022,0.05761899176661636,0.17337136363636363,0.5531891953520072,0.5531891953520072,0.4884210055096419,0.408355,1.0831413636363636,1.94185,1.9579944307248003,-0.3903782592741765,-1.1960992650709947,22.430482626348887,20.727286161377556,0.42565285617377946,0.05215243446418429,0.05584117343408505,0.8820772068834433,0.06531181818181818,0.36403169075295055,0.36403169075295055,0.3292712534435262,0.29458,0.7322818181818181,1.35726,2.011588102857726,-0.16496145666311302,-1.3199701110310944,21.932027456874465,19.332015579270088,0.38667332015760136,0.09023462076852526,0.07627049840711893,0.8291281037560608,11.622691212121213,1.9284191363598409,1.9284191363598409,1.670069935720845,1.419525000000001,4.150318787878787,7.604479999999999,2.152187099591373,0.3849423898777596,-1.0549695361915234,21.932027456874465,19.38219818021106,0.6122277654704267,0.08774299392646195,0.09801737349263365,0.8091843170674395,1.83794566913174,0.882775985471607,0.882775985471607,0.7402767497026161,0.6900079842881268,2.3367143091688654,3.846163160982,2.6470071089671956,0.43311261892940084,-0.7023116668526193,21.932027456874465,17.534865236100604,0.8500780450181121,0.14094323860296212,0.214142477950847,0.593827639190766
mass_1.00g_trial_05,1.0,data/cleaned/1.00g/mass_1.00g_trial_05.csv,2_second_window,3,4000.0,6000.0,131.0,1981.0,66.66666666666667,-0.1345896241736168,0.5693607263112951,0.14223293391035327,0.13065656488549615,0.542617392438493,0.542617392438493,0.46581400967309594,0.40628,1.2806634351145036,2.4825999999999997,2.3601592078707094,-0.2739042757292216,-0.8766198216270054,22.542397046693868,19.387776348790048,0.563223362760999,0.0997195142133282,0.06472311214409536,0.831340474768982,0.04139244274809161,0.4305656941516504,0.4305656941516504,0.37516590525027677,0.35750000000000004,0.9629924427480916,1.67908,2.236574942751742,-0.343325955234085,-1.0090550877008833,22.04145489010067,18.951811534606072,0.4838654466633667,0.11267158709037149,0.07858576494305262,0.7971751876809017,11.681260839694657,1.7339915394354284,1.7339915394354284,1.491985019521007,1.452,3.6688191603053433,6.86984,2.1158229880982447,0.21799781096059526,-1.0104428335225388,22.04145489010067,19.616725805332415,0.4098982811153004,0.07495674813395109,0.06387018577456734,0.8595120837687283,1.6908366283752954,0.7922238361316527,0.7922238361316527,0.6737600004884876,0.6125371103284583,2.026783285239221,3.556581621699994,2.5583467611070563,0.3500556960770936,-0.6784513343310046,21.039570576914276,17.98000604219452,0.8053030874984393,0.13137864262436305,0.12071844547912655,0.7200999141654245
mass_1.00g_trial_05,1.0,data/cleaned/1.00g/mass_1.00g_trial_05.csv,2_second_window,4,6000.0,8000.0,132.0,1983.0,66.66666666666667,0.26351181407360297,-0.5609234211815481,-0.3447751798463901,0.1379012878787879,0.4758330558281927,0.4758330558281927,0.4193797681359045,0.376585,1.038391287878788,2.04817,2.182259671034112,-0.2535491153643649,-1.1491180341516942,22.520973731569068,20.320183023339936,0.5557022778488314,0.059539050791521025,0.07631974800008343,0.8512031601801158,-0.014464469696969701,0.3823943425062397,0.3823943425062397,0.330123528466483,0.30946000000000007,0.8630255303030303,1.51074,2.256899316675816,-0.2721145133790996,-1.0116046235212985,22.02050764864531,18.249843803065822,0.47886732775239094,0.07747871184274953,0.1767088353706517,0.7389563817673331,11.512944696969697,1.739576033229657,1.739576033229657,1.5351147681359045,1.615595,4.033644696969697,7.33483,2.3187515922951207,0.02243167765992781,-1.1672512939439206,22.02050764864531,19.5836344901537,0.5099100257385392,0.09692540488684064,0.05493475485844909,0.834406545493531,1.691088554522172,0.7341572081991121,0.7341572081991121,0.600916381666188,0.5414428962567046,2.364027827043116,3.6736333420045675,3.2200566862812354,0.3408440598300801,-0.2101849989778457,25.023304146187854,16.862953322777592,0.8512601399994445,0.16427375813178433,0.17524784749567743,0.6348885393984641
mass_1.00g_trial_05,1.0,data/cleaned/1.00g/mass_1.00g_trial_05.csv,2_second_window,5,8000.0,10000.0,131.0,1982.0,66.66666666666667,-0.04718211740087061,0.10389353526585161,0.5026794378943056,0.14486297709923662,0.5287144263971335,0.5287144263971335,0.4673709096206514,0.4457,1.2185029770992366,2.11741,2.3046524101916255,-0.2682292167360534,-1.1390620291078735,22.531023486464306,20.82861104620488,0.5540050828504651,0.054430871196305755,0.042305453972949214,0.8976039963021895,0.03880549618320611,0.43403817733764605,0.43403817733764605,0.38517085950702185,0.2303,0.943425496183206,1.7347199999999998,2.1736002624702264,-0.506424655540433,-1.13146975897948,22.03033407565399,20.308951629000216,0.43891666134665186,0.0555413003056496,0.05939355267604874,0.875434099574015,11.361847633587786,1.7447817000861363,1.7447817000861363,1.5204258236699493,1.4611599999999996,3.757937633587786,6.9883999999999995,2.1538153646397507,0.1674313641614233,-1.0958793971395544,22.03033407565399,19.91893336119099,0.4600843762264238,0.06562082302127847,0.06604490385049648,0.8620634523478998,1.7193751497744243,0.7456140820563142,0.7456140820563142,0.6091405882083034,0.545022625827241,2.084385814596015,3.498149132439104,2.795529034064819,0.42308409349911924,-0.4244566713077407,21.52964466484367,16.36518458056632,0.847697151273917,0.17032753602684808,0.14987485632728692,0.646749928757941
mass_1.00g_trial_06,1.0,data/cleaned/1.00g/mass_1.00g_trial_06.csv,2_second_window,1,0.0,2000.0,132.0,1987.0,66.66666666666667,-0.3005087432985342,-0.49240367228055326,0.7107920145170327,-0.053640909090909086,0.7135625535993138,0.7135625535993138,0.604769173553719,0.5589149999999999,1.4655209090909092,2.73724,2.053808599818765,0.19909862762566355,-1.0021539763875509,26.97076451457128,24.040224581164516,0.4670101183038402,0.04743400552799229,0.09875620067046731,0.8361310669133094,-0.003527272727272729,0.4743996631886147,0.4743996631886147,0.3949575895316804,0.3307,1.045197272727273,1.90286,2.2031998625423075,0.4445955125403303,-0.8569162102352319,26.97076451457128,23.113087522828653,0.6517393334895879,0.06013879825411857,0.13453929361273514,0.7768370520812139,11.670642272727273,2.6359485943919037,2.6359485943919037,2.23346729338843,2.0875199999999996,5.428632272727273,10.546789999999998,2.0594605996023314,0.07939582563749405,-0.9359529397094208,26.97076451457128,22.145497832302013,0.5288583938400188,0.10026772413318764,0.11550527540630647,0.7726576850355059,2.439134375858483,1.3164630823212409,1.3164630823212409,1.1222047617807822,1.015098063276736,3.0608560807162766,5.165151147265228,2.3250603240003143,0.399853529511248,-0.9384269131309004,11.987006450920568,14.170033612513297,0.8102653463599363,0.11042659692441381,0.5890444162888002,0.2845850536606013
mass_1.00g_trial_06,1.0,data/cleaned/1.00g/mass_1.00g_trial_06.csv,2_second_window,2,2000.0,4000.0,133.0,1989.0,66.66666666666667,0.35454252553232096,0.193142269097583,-0.05834845332524632,0.002314511278195491,0.6698212503532276,0.6698212503532276,0.5670871309853581,0.56306,1.2840545112781956,2.52638,1.9170107108442058,-0.15282191230563433,-1.0463852157423044,26.945191031933337,23.705443177179713,0.43104776917735216,0.05585057107686784,0.11998229058557187,0.813022506321995,-0.10543368421052632,0.4741828833613596,0.4741828833613596,0.39545934309457853,0.31765,1.2032236842105264,2.05776,2.5374675603665517,0.5561307370637443,-0.5977426908405903,26.945191031933337,22.078946859367758,0.6663000197907786,0.09459595989463394,0.16089316848094454,0.7144871471179935,11.62156,2.6614740531288663,2.6614740531288663,2.2718923308270678,2.089880000000001,5.5139000000000005,10.581770000000002,2.071746667422056,-0.05558101225713971,-0.980930193668776,26.945191031933337,23.415089939013896,0.522177946326781,0.08281019362841192,0.07939314121315082,0.8178721089123079,2.498989423315062,1.2296364958536745,1.2296364958536745,1.0377874000004372,0.9880110578009393,3.0205682197324455,5.031279479580322,2.456472485907648,0.45634238841558455,-0.7358268233140342,11.97564045863704,14.339523850986083,0.829675420473351,0.08406023378165103,0.6058397959241788,0.28548083567277305
mass_1.00g_trial_06,1.0,data/cleaned/1.00g/mass_1.00g_trial_06.csv,2_second_window,3,4000.0,6000.0,132.0,1983.0,66.66666666666667,-0.040232416233606676,0.15123581570578823,-0.8180477690575944,0.020472424242424254,0.6881822881199442,0.6881822881199442,0.5954496235078053,0.6221049999999999,1.3884275757575757,2.5394300000000003,2.0175287852156765,0.05375151286431178,-1.190052660708295,27.02516847788288,24.30013303017801,0.5427937525057351,0.041909848272141205,0.10777221989105887,0.8108086314835495,-0.05727742424242424,0.47024416199173047,0.47024416199173047,0.397472702020202,0.35197500000000004,0.8994525757575758,1.79265,1.9127352308807466,0.31491703136409516,-0.9696524222549154,27.02516847788288,22.445531289973655,0.6712064578831719,0.07645414230214614,0.14004963682943722,0.7604894506474471,11.516538106060606,2.6029720787409043,2.6029720787409043,2.189168986455464,2.2993200000000007,5.892838106060606,10.983240000000002,2.2638883275732478,-0.10724723100934966,-0.9286633009647676,27.02516847788288,23.155159611475803,0.5199809735536067,0.04002852024019667,0.14895351559443715,0.7900433445111781,2.4058782335598514,1.2968955245342564,1.2968955245342564,1.0925647030917058,1.1269018258585106,3.545112583826706,5.7323016367899,2.7335375261625905,0.3612946190990112,-0.6720943334721361,12.511652073093927,14.602852194158537,0.7604394511344998,0.04810976840036586,0.6422859232678135,0.2684439961592826
mass_1.00g_trial_06,1.0,data/cleaned/1.00g/mass_1.00g_trial_06.csv,2_second_window,4,6000.0,8000.0,134.0,1990.0,66.66666666666667,-0.2727387195330444,-0.4334298799776528,0.016190483813328164,-0.014111492537313435,0.6889395928098891,0.6889395928098891,0.5968446714190243,0.5803099999999999,1.4783314925373134,2.66437,2.14580713311574,0.16666413116995707,-1.1018929246666518,26.933173329397732,23.750881679648213,0.40245706042715934,0.04520529347411262,0.1271382838199696,0.8060640401525782,0.012871044776119406,0.4788701761161738,0.4788701761161738,0.4079311383381599,0.36007500000000003,1.0053189552238806,1.7770799999999998,2.0993559535851958,0.4474459441390644,-0.9193906053722989,27.431935798460653,21.217240103952523,0.7124868019448629,0.11609106314367357,0.18512797104730555,0.6603040962194475,11.40396723880597,2.633819961964159,2.633819961964159,2.2706987981733127,2.2836700000000008,5.440487238805971,10.21471,2.0656260934208857,-0.05436112985969802,-1.1073715415848189,26.933173329397732,22.967868502155838,0.6370673368412157,0.057676869348021055,0.14854406336434464,0.7704464578985492,2.5019720259506975,1.1752012514950942,1.1752012514950942,1.0147667314055873,1.025640313824221,2.9865304985196084,4.83357668120398,2.541292816630459,0.3197822364935276,-0.8595631507023054,10.972774319384262,14.824792822187087,0.8259035106974978,0.07423975526034851,0.5895208226709474,0.29560752826134445
mass_1.00g_trial_06,1.0,data/cleaned/1.00g/mass_1.00g_trial_06.csv,2_second_window,5,8000.0,10000.0,131.0,1981.0,66.66666666666667,0.38979301518039156,0.6119985652643563,0.77136485792088,-0.012872061068702291,0.698938727393146,0.698938727393146,0.6060555748499504,0.62175,1.3661779389312978,2.61241,1.9546462163096543,0.032596508944378884,-1.1539237237423594,27.050876456032643,22.851843808206908,0.6353627197782787,0.08407461927927282,0.11511071215599969,0.7537422482519237,-0.015899007633587783,0.4774198218331198,0.4774198218331198,0.395608845638366,0.31658000000000003,1.0475490076335878,1.87417,2.194188342686271,0.5040303184144177,-0.8078175293688901,27.050876456032643,20.469135084360406,0.7274562257409624,0.12047561526474648,0.20036871575881152,0.6273397962522965,11.45692175572519,2.6947376807543013,2.6947376807543013,2.282309860730727,2.19369,6.14731175572519,11.80911,2.2812282618931787,0.0003019682648527544,-0.9216345819077851,27.050876456032643,22.923053913902564,0.551298753074387,0.04504711302392886,0.15687571016953458,0.7725593823914007,2.486252253580066,1.340375294674679,1.340375294674679,1.1499244645548847,1.0581453657355984,3.7634464277647974,5.947936983806151,2.8077557402893043,0.43322639752082687,-0.6985936518493006,11.020727445050335,12.032023099415808,0.7433116742400463,0.07720057342015364,0.7581525293056867,0.14630242981461383
mass_1.00g_trial_07,1.0,data/cleaned/1.00g/mass_1.00g_trial_07.csv,2_second_window,1,0.0,2000.0,133.0,1996.0,66.66666666666667,-0.25372822099768977,0.005664701650231373,0.027065098440154263,0.11152473684210526,0.5106012260477565,0.5106012260477565,0.42519841709537,0.36527,1.1341452631578948,2.26681,2.2211957302503977,-0.2822815661553217,-0.7715601467595508,23.867283438829055,20.494454013431007,0.49616427608390135,0.07598163068289962,0.098224091867658,0.8148751682050728,0.09669142857142858,0.3692493566788352,0.3692493566788352,0.3190093018259936,0.27868,0.8074685714285714,1.49031,2.186783962716256,0.3862585151883586,-1.0084604209049886,23.370048367186783,20.964057894812164,0.5285868772743255,0.0666900079026074,0.06833798554465155,0.8531704038079229,11.304917067669173,1.9230833953209285,1.9230833953209285,1.619691383345582,1.3865599999999993,4.755467067669173,8.882719999999999,2.4728345526978925,-0.4100292690948778,-0.6275808614001761,23.867283438829055,20.4288256313456,0.6132754310753652,0.10932883830323303,0.06793217098269556,0.8003821617460355,1.791059586899996,0.942026539425452,0.942026539425452,0.7434579610265617,0.5973813580824139,2.9769403829111187,4.468195279323557,3.160144919830787,0.8611226200204253,0.47460830422102784,16.408757364194976,16.26889316495296,0.8522388448152061,0.11052708241492507,0.25006497692546326,0.6090221735565344
mass_1.00g_trial_07,1.0,data/cleaned/1.00g/mass_1.00g_trial_07.csv,2_second_window,2,2000.0,4000.0,133.0,1979.0,66.66666666666667,-0.11975655185791913,0.4644556820563786,0.011882995665017007,0.04920225563909773,0.4875945376630278,0.4875945376630278,0.41064549380971227,0.37707,1.1021622556390975,2.04178,2.2604073066970902,-0.2917156303571128,-0.8395243566902364,24.072308107447725,20.393521498851662,0.6705246599834392,0.09296917497749883,0.05791243809425715,0.8370904645969833,0.10087466165413533,0.37377872450898303,0.37377872450898303,0.3341155633444514,0.32188,0.6570953383458646,1.31292,1.7579795083550098,0.14350728019973752,-1.3366049759453125,23.570801688542563,21.40363071176152,0.3426786345452092,0.05252068936081375,0.07621894047479863,0.8602581080535305,11.29952827067669,1.9466375635765083,1.9466375635765083,1.6542530781841824,1.3798300000000001,3.88495827067669,7.41641,1.995727578347432,-0.3604497971800723,-0.9527290192404871,24.072308107447725,19.944441940713624,0.46532873871489555,0.11943485645004559,0.08463613600349211,0.7849493053291487,1.807079207882842,0.9493795386561633,0.9493795386561633,0.7874098314432485,0.712513844376081,2.170237938892646,3.8315613684001195,2.285953984182759,0.3980784928216218,-0.7492771809937557,18.555737499490952,16.487618903492265,0.8719982352553082,0.11332622872562177,0.20875136590991275,0.6482988061246061
mass_1.00g_trial_07,1.0,data/cleaned/1.00g/mass_1.00g_trial_07.csv,2_second_window,3,4000.0,6000.0,132.0,1985.0,66.66666666666667,0.4045225129071775,-0.5663363465016857,-0.002528842827822337,0.0871593181818182,0.4894675794525529,0.4894675794525529,0.4092560984848485,0.30227499999999996,1.1088893181818182,1.8790900000000001,2.265501056110928,-0.4999176737009334,-0.77634008188967,23.998168078474194,20.23071892533254,0.6271684326154192,0.09095081573361709,0.07798162227285323,0.8264972150896108,0.06917287878787878,0.36890604888279976,0.36890604888279976,0.328022642332415,0.32972500000000005,0.7445771212121212,1.34608,2.0183380659303607,0.20019221329230807,-1.3066069476326003,23.49820624350598,20.780124520285625,0.3731800001975177,0.06696231310127054,0.08511997129756474,0.8387937176022533,11.414770454545453,1.9639979732793127,1.9639979732793127,1.6827661501377413,1.396824999999998,4.432880454545453,8.00733,2.2570697703642817,-0.3941685722949045,-0.8704549407184099,23.998168078474194,20.510437489067435,0.44052724103060703,0.10435525906874148,0.06583681271485518,0.8238743936275401,1.8270796257998152,0.9459060546745196,0.9459060546745196,0.7721988312759246,0.6923374680785233,2.63082515324393,4.082421014247415,2.7812753076722623,0.5944557720470139,-0.1841493205416076,17.998626058855645,16.43389452594593,0.878854472825668,0.14553763123387642,0.19975889182942605,0.6087321890230147
mass_1.00g_trial_07,1.0,data/cleaned/1.00g/mass_1.00g_trial_07.csv,2_second_window,4,6000.0,8000.0,132.0,1988.0,66.66666666666667,-0.3214518414895805,0.5421388944544513,0.005327478313145453,0.09189825757575756,0.5007989671628307,0.5007989671628307,0.432187559687787,0.37826,1.1027517424242423,2.16471,2.2019848576598435,-0.23867685946479153,-0.9703576467301245,23.961953539261433,20.899459606871947,0.6917367882682576,0.07286347559875497,0.0972830272098291,0.8117046970632624,0.0798839393939394,0.3568424886326908,0.3568424886326908,0.3126342653810835,0.28775,0.8063360606060606,1.4564599999999999,2.259641400035318,0.372867427377027,-1.100366224761988,23.462746173860154,19.88127016414564,0.475006429005718,0.09494748034546951,0.09549983252863445,0.7998125968758469,11.483784696969696,2.0293116378143714,2.0293116378143714,1.7429975321395779,1.6282300000000003,4.904904696969696,8.65326,2.417028811923842,-0.33245891754272394,-0.9219048954546305,23.961953539261433,18.335304307072924,0.5341854433880843,0.2080188960579307,0.06726075964520233,0.7177438200337777,1.883702396354963,0.9736052447169473,0.9736052447169473,0.8080563418086413,0.7349829745781438,3.027370260080604,4.558801899211579,3.10944325383204,0.5237352526745295,-0.27743004540635763,17.472257789044797,15.23669432138076,0.8423227834993272,0.15985427957839443,0.22492173991345726,0.5876036780522672
mass_1.00g_trial_07,1.0,data/cleaned/1.00g/mass_1.00g_trial_07.csv,2_second_window,5,8000.0,10000.0,132.0,1978.0,66.66666666666667,0.15989069219893845,-0.2895513249731829,0.032088995527769226,0.08345469696969698,0.49172637290752164,0.49172637290752164,0.41314032139577594,0.373035,1.238174696969697,2.19878,2.5180156387555788,-0.41079313179744553,-0.7249497768555462,24.083095872875752,20.162199019684664,0.6182130437873683,0.10217819184533773,0.07831395406483643,0.8143912736958488,0.055212424242424236,0.36654995719117245,0.36654995719117245,0.3208532874196511,0.304825,0.7445275757575758,1.33664,2.031176272568137,0.18741435680005367,-1.2300285594718112,23.581364708857507,21.568495474541663,0.3222000327388962,0.054412415115664296,0.056488801434518454,0.8866618597106805,11.483891136363637,1.9132122184441567,1.9132122184441567,1.6312592665289256,1.5127499999999987,4.183821136363637,7.17323,2.1868045248874495,-0.4026312248077566,-0.9661715674147358,24.083095872875752,21.352984585989677,0.385758916916936,0.06079342745450406,0.08072292090282433,0.847876775755834,1.792080005993579,0.9082862664665268,0.9082862664665268,0.757140835913029,0.6401690388707446,2.3953980493832567,4.043133884617293,2.637272122039219,0.4219230870887851,-0.47879201945863636,18.062321904656812,16.5006400270285,0.7672894527364962,0.08401660716369908,0.2147943826351499,0.6494677684985447
mass_1.00g_trial_08,1.0,data/cleaned/1.00g/mass_1.00g_trial_08.csv,2_second_window,1,0.0,2000.0,133.0,1994.0,66.66666666666667,0.0796932325948035,0.634715730249677,0.25812673792934254,0.029623909774436078,0.8890666393317678,0.8890666393317678,0.7671044954491493,0.7243999999999999,1.724123909774436,3.1464299999999996,1.939251607810081,-0.3127608982934872,-1.1821639540731177,27.375359159779574,22.90134401660805,0.5102088775200464,0.07233990847724861,0.1337745927464014,0.7824512998472773,0.02406428571428571,0.4892074308915671,0.4892074308915671,0.40546711063372726,0.3532,1.0497857142857143,1.87888,2.1458907776043152,0.4303956523080991,-0.8531084891309,26.877625356874493,22.458744735071487,0.46083118480393354,0.09272804348178174,0.1267073157938001,0.76921167509957,11.446866691729323,2.242438216755703,2.242438216755703,1.9872052360223873,1.9426699999999997,4.399573308270677,8.42135,1.9619596541820699,-0.019442405300047882,-1.1930029824944448,27.87309296268466,23.790421405274476,0.6026182537796864,0.07480772674151483,0.09051490084257573,0.7998241258930469,2.2769944266547073,0.9346597972321852,0.9346597972321852,0.7881902197429398,0.683038640015714,2.1626374285539764,4.002412429710949,2.313823099012293,0.2819376351603327,-0.837351693443392,10.95014366391183,14.849853072349951,0.8126738032822293,0.06133270233041783,0.5886459336527606,0.3027167705689534
mass_1.00g_trial_08,1.0,data/cleaned/1.00g/mass_1.00g_trial_08.csv,2_second_window,2,2000.0,4000.0,131.0,1979.0,66.66666666666667,0.10497919644320526,-0.5542978010084613,-0.06480612656689098,-0.08015099236641222,0.8295311453763488,0.8295311453763488,0.7083670450439951,0.6402399999999999,1.5573590076335877,3.11365,1.8773966671583282,-0.24986292409153912,-1.0232065392560652,27.579662795147954,20.98669435128225,0.6529230747848731,0.12056583663080249,0.18020182415094857,0.6481745755730286,0.040362748091603055,0.5078079969185526,0.5078079969185526,0.42569948254763706,0.38197,1.0428472519083969,1.8567900000000002,2.053625106805199,0.38815205229816807,-0.973752971175204,27.078214380690717,23.17787212353356,0.5869528644421271,0.053723564351985234,0.1344517227869902,0.7747609722638732,11.345443053435115,2.129283515043612,2.129283515043612,1.815903242235301,1.7496100000000006,4.275306946564884,8.25844,2.0078617602397197,0.015624382377744852,-1.0230655130026156,27.579662795147954,22.676568381911785,0.5688947632914793,0.09947911164821592,0.10524240940965178,0.7717402608084496,2.1222496000977986,0.987874387361592,0.987874387361592,0.825122999771593,0.8154275940487992,2.3147564803574077,4.090853136056967,2.343168838033794,0.2611575992543732,-0.7388524332727253,11.031865118059182,13.193977128595515,0.8402945540009482,0.07981145898409867,0.6470889200929537,0.2542714482112334
mass_1.00g_trial_08,1.0,data/cleaned/1.00g/mass_1.00g_trial_08.csv,2_second_window,3,4000.0,6000.0,131.0,1984.0,66.66666666666667,-0.05568168911897414,-0.016996333087300326,-0.012930621928891576,-0.014538931297709922,0.8951050127392423,0.8951050127392423,0.7799755317289203,0.66944,1.74748106870229,3.29596,1.952263749875075,-0.15745034633955107,-1.0985028790849871,27.510157596998933,22.076445706261335,0.5685994879408551,0.07359283757817683,0.1892912481625786,0.6847758545367713,0.06514236641221374,0.5108756055890741,0.5108756055890741,0.4292729747683701,0.35683,1.1436776335877863,2.0024800000000003,2.238661664553446,0.47051978348691365,-0.8332457562238194,27.009972913417133,22.43703060737156,0.5501194891169431,0.057845796110283586,0.17741349467066658,0.7318393045029441,11.343662519083969,2.0974896853381093,2.0974896853381093,1.808030133442107,1.6674399999999991,4.158287480916032,8.227610000000002,1.9825067603351423,0.07441030575410475,-1.0538162447452446,27.510157596998933,22.158715434169213,0.702098522335503,0.06945026227962219,0.18541263461104293,0.6827873418506751,2.1564286914425446,0.9008247038353694,0.9008247038353694,0.7434683113469222,0.6513760491661922,2.1094365454071506,3.81529496915904,2.341672621128141,0.34124121772261434,-0.6247591005567936,10.003693671635975,12.666472137131702,0.8464940680680845,0.09427808232226917,0.6221917444714504,0.2568156274630678
mass_1.00g_trial_08,1.0,data/cleaned/1.00g/mass_1.00g_trial_08.csv,2_second_window,4,6000.0,8000.0,133.0,1987.0,66.66666666666667,0.006199966687732904,0.5294614153106425,0.1090875283174696,0.004638045112781952,0.9170665722839808,0.9170665722839808,0.7842907467917914,0.70354,2.1067080451127818,3.8160499999999997,2.2972247694798913,-0.3245206099651409,-0.9761886727824787,27.471799781195994,22.446174686843055,0.4492236065180018,0.0895541470024093,0.14152649401218742,0.7539140066291943,0.04775360902255638,0.47877806772956366,0.47877806772956366,0.4007261755893493,0.3048,1.0649263909774436,1.83975,2.224258926536635,0.49296243545749474,-0.811287513903947,26.972312512446976,23.568568402355726,0.40985694587910465,0.04020097264646316,0.15643944728741294,0.7835923311298466,11.496604887218046,2.2694635589514203,2.2694635589514203,1.8912322256769745,1.812710000000001,5.233855112781955,9.817590000000001,2.306208042926319,0.20432641264898566,-0.8225250185705906,27.471799781195994,22.90118633255912,0.5584420437074341,0.06813475878703786,0.13588184029115205,0.7767698692373085,2.2339480937091114,1.1091349314494685,1.1091349314494685,0.9019927571361149,0.7855337042928943,3.009587315765245,5.096285707348784,2.7134546306572256,0.39508115391435294,-0.48229908126341625,11.488207181227414,14.226898237484185,0.8121295179625245,0.09405951902313676,0.60273307784843,0.2706433821822883
mass_1.00g_trial_08,1.0,data/cleaned/1.00g/mass_1.00g_trial_08.csv,2_second_window,5,8000.0,10000.0,133.0,1979.0,66.66666666666667,-0.002910713962983274,-0.6796095355466967,-0.11981409890606783,0.14775000000000002,0.873667497670432,0.873667497670432,0.727944060150376,0.61876,1.98157,3.8910299999999998,2.2681054351726555,-0.2970566710879538,-0.7499822539540633,27.58285303978385,20.83517916105153,0.6933863360602138,0.10610763693551056,0.20569334145278012,0.6531817482401787,0.05453533834586466,0.49948743173023324,0.49948743173023324,0.4211521160042965,0.34896000000000005,1.1984346616541353,2.0298,2.399328963098704,0.45924133967365344,-0.8417260218450422,27.081346620878687,22.887714396597698,0.6428743163620799,0.07431764274257943,0.14750534963471995,0.7214410252413749,11.627248345864663,2.033685990696858,2.033685990696858,1.7430833704562156,1.6567000000000007,4.824881654135337,8.74926,2.3724811382911946,0.24715169588441996,-0.9156426580561323,27.58285303978385,21.987942413407907,0.5335505725019261,0.09809483004839699,0.15344579772435823,0.7313339827010381,2.054205655980178,0.963794803180578,0.963794803180578,0.7704516247653505,0.6003310824181274,3.0016852030982126,4.79724977535157,3.1144442709096167,0.5207827355158626,-0.09930428999406171,12.036154053723862,15.025317998498041,0.7692917031681328,0.02621674348427482,0.6466293183487778,0.30024498049855736
mass_1.00g_trial_09,1.0,data/cleaned/1.00g/mass_1.00g_trial_09.csv,2_second_window,1,0.0,2000.0,132.0,1985.0,66.66666666666667,-0.6117505602933893,0.14012614674894397,-0.46997549994778187,0.0887665909090909,0.5027965250443875,0.5027965250443875,0.43861154614325065,0.44043,1.0625265909090909,2.09313,2.1132337595517185,-0.052442164240935056,-1.11246666181964,22.498282573569554,18.740306967905028,0.5264463121528552,0.14704875581578428,0.05487236985647069,0.7928881000348842,0.017208484848484855,0.33950714906001,0.33950714906001,0.28982934802571164,0.285095,0.6842084848484848,1.31308,2.015299196917785,0.0013001122474164102,-1.0698068946544472,22.99824440853777,19.491994538304066,0.5491096249324559,0.11852154504862156,0.07856778941638914,0.7867903003439118,11.417081969696971,1.8671099151039432,1.8671099151039432,1.606118484848485,1.5470700000000006,4.495821969696971,7.8895800000000005,2.4079042874381,-0.16627587573601713,-0.9813508780137843,22.99824440853777,20.202395616090946,0.39858709042229656,0.09352150349353996,0.042170305764273816,0.8564232935553117,1.7673539855845157,0.8547682578205322,0.8547682578205322,0.7095053177089904,0.6338993940916695,2.748220127357699,4.206601927424073,3.2151639958706997,0.4792849598832145,-0.22253533281175253,22.99824440853777,17.085155807758476,0.7612175535241706,0.19310361975820184,0.11480625025585672,0.6800353020691012
mass_1.00g_trial_09,1.0,data/cleaned/1.00g/mass_1.00g_trial_09.csv,2_second_window,2,2000.0,4000.0,133.0,1996.0,66.66666666666667,0.47168415906202277,-0.35920194030608693,-0.40636511938378883,0.035586090225563916,0.48116211682021387,0.48116211682021387,0.4164984736276782,0.39419,1.1487339097744362,2.02014,2.3874155292314096,0.28254552599585575,-1.0254027277009115,22.87281329554451,16.98480163382698,0.6684348612892048,0.21002161326025415,0.10347634270473124,0.6777213620730413,0.01685390977443609,0.3391480682685331,0.3391480682685331,0.2938685680366329,0.27205,0.7143539097744361,1.42635,2.1063186749712512,0.07994792284263394,-1.0983430331861468,22.87281329554451,19.804522726167296,0.3678062873908411,0.11064484946170929,0.04939163294285753,0.8374067747110342,11.47837796992481,1.8690957046081405,1.8690957046081405,1.5527229170671037,1.3549399999999991,3.7860020300751884,7.4713199999999995,2.025579546697921,0.04609872168067921,-0.8858243549569531,22.87281329554451,20.375206194038213,0.49496848154080497,0.0683576639342199,0.07138795211815126,0.8530643514588394,1.7112862771572666,0.9547546415027318,0.9547546415027318,0.8399933788100842,0.7074136300703564,2.12817700303506,3.683521189573971,2.2290302770200996,0.3923187078034941,-1.0584955764052493,22.87281329554451,15.340130076024817,0.7954253811177455,0.2377589891253574,0.14719497004222973,0.6019929172611128
mass_1.00g_trial_09,1.0,data/cleaned/1.00g/mass_1.00g_trial_09.csv,2_second_window,3,4000.0,6000.0,132.0,1982.0,66.66666666666667,-0.0662079971478197,0.058772684753828505,0.6573247125457287,0.05781833333333335,0.5190495950426018,0.5190495950426018,0.44869739898989897,0.43125499999999994,1.1644683333333332,2.10011,2.243462560138897,-0.19600054061075256,-1.0150757841216291,22.53233648315547,18.328742344729275,0.5462714318867408,0.13986446175050787,0.09712374551495384,0.754741186629044,0.0191869696969697,0.3390575408860956,0.3390575408860956,0.28494395316804405,0.253525,0.6799230303030304,1.34885,2.0053322764216195,-0.01600279169366381,-0.9042680092287694,23.033055071670034,18.929883507815777,0.6256669305136302,0.1458605994976233,0.07275829023306307,0.7694812482931294,11.723503257575759,1.7839573487710083,1.7839573487710083,1.500498007346189,1.4806,3.904663257575759,6.976980000000001,2.1887649165299456,-0.3118351417434044,-0.8761312966040733,23.033055071670034,18.61581492630671,0.5161378190149545,0.1477613416516936,0.09116909374618944,0.7529596634358461,1.6706032058382012,0.8808866266568165,0.8808866266568165,0.7384642842308202,0.6686314549157131,2.2926328917396095,3.7745875646505644,2.602642408638579,0.44191683630487794,-0.5253936586188095,23.033055071670034,14.775283661754706,0.8160529896176878,0.3052318367968283,0.12498485826746264,0.5225557984190049
mass_1.00g_trial_09,1.0,data/cleaned/1.00g/mass_1.00g_trial_09.csv,2_second_window,4,6000.0,8000.0,133.0,1985.0,66.66666666666667,-0.27434678035865484,0.2845117655291847,0.023790181564394258,-0.005605864661654136,0.5132233816852686,0.5132233816852686,0.44685999208547683,0.42765,1.070575864661654,2.03629,2.0859841988223735,0.0690223905977037,-1.1483051385840575,22.499573871514816,18.313497730160325,0.511046769555386,0.15960046867274053,0.08281070045996511,0.7480926039540269,0.038590902255639103,0.33870318384472614,0.33870318384472614,0.2846512985471197,0.26422,0.7367990977443609,1.39619,2.175353326711379,0.1913613872600118,-0.8268795208240727,22.999564401992924,19.762785652228523,0.6319636251134344,0.10501314345036136,0.08559650393640221,0.8039847123711756,11.651951654135338,1.790105861835891,1.790105861835891,1.4933630945785517,1.4487400000000008,4.001981654135339,7.67615,2.2356117252367405,-0.23423540368672913,-0.789839358061978,22.999564401992924,19.4091291836675,0.5076912351306005,0.11041746197607775,0.078611766509602,0.8015828316924473,1.6746326849464044,0.8821578392461481,0.8821578392461481,0.7298257816399734,0.6859898667311921,2.3561101728222456,3.9446949071765394,2.6708487619808152,0.5715047211556453,-0.37622340391633724,19.999621219124283,15.376183238913669,0.7606614615019722,0.248815366792761,0.11093541829110724,0.6171864158144306
mass_1.00g_trial_09,1.0,data/cleaned/1.00g/mass_1.00g_trial_09.csv,2_second_window,5,8000.0,10000.0,132.0,1979.0,66.66666666666667,0.6444821956507252,-0.37503762486735526,-0.7318835126734595,-0.03349568181818181,0.4738576177682062,0.4738576177682062,0.40424111570247934,0.432685,0.9331756818181819,1.81057,1.9693166192268694,0.013513514230268912,-1.1039466317998115,22.566493637873496,20.206884248685224,0.37058179326575175,0.08520193436446746,0.05710013786559651,0.8484993418336999,0.05002325757575758,0.3470067473680212,0.3470067473680212,0.30175326101928374,0.29107000000000005,0.7030132575757575,1.35652,2.0259354116540287,-0.22232334207821694,-1.1067912737871832,22.566493637873496,19.830178904838956,0.5871646340363837,0.09639831095570259,0.06960512598186291,0.8286173075811722,11.568555681818182,1.9338684917406517,1.9338684917406517,1.6382543388429753,1.6018750000000006,4.3873443181818175,8.62914,2.268688040019113,-0.02520018338625204,-0.9940260620006751,23.067971274270683,20.535160305537786,0.46147232795901677,0.08540154800894262,0.041131037879658466,0.864740518713132,1.7842699421277612,0.9493065056147838,0.9493065056147838,0.8113692082644903,0.823542426181328,2.6568163927432695,4.233492221914355,2.798691862985474,0.319917322152089,-0.6828826915919524,23.067971274270683,16.041961504123737,0.7564138877790976,0.2089981433713197,0.1483788993055264,0.6212201104974066
mass_1.00g_trial_10,1.0,data/cleaned/1.00g/mass_1.00g_trial_10.csv,2_second_window,1,0.0,2000.0,132.0,1989.0,66.66666666666667,-0.010609589067883495,0.07564044388840467,0.023396630567283923,-0.022885681818181812,0.7223775109078662,0.7223775109078662,0.6499746246556473,0.5155050000000001,1.5146156818181817,2.71183,2.096709350647766,0.3186680721527816,-1.2931087246019706,17.962429727053177,18.244916189860984,0.5625503055721137,0.03866240812493391,0.06190682238763999,0.8805756664645935,0.08311212121212122,0.49642055708238486,0.49642055708238486,0.4236692561983471,0.36450499999999997,1.1198021212121212,2.13637,2.2557529200513775,-0.4390500112989342,-0.852274915375089,18.461386108360212,17.95642892614859,0.5986012404487735,0.06511618282812529,0.08976266875790809,0.8306570408028191,11.422646742424241,2.02650790450742,2.02650790450742,1.7046918514692377,1.6056650000000001,4.947873257575758,8.41598,2.441576095790472,0.3985839932842718,-0.8514372926260068,17.962429727053177,16.89235176012109,0.3325784522771466,0.07424140663288786,0.07073178857114402,0.845658981858143,1.9889378723585365,0.9587090615449416,0.9587090615449416,0.7829767695029971,0.7457030068048545,2.993172528799713,4.759726281840645,3.122086406460237,0.5313338995680645,-0.10438292682473804,29.937382878421964,18.06559701123355,0.797914737188497,0.13008076763214993,0.25676014935907604,0.5345320139507844
mass_1.00g_trial_10,1.0,data/cleaned/1.00g/mass_1.00g_trial_10.csv,2_second_window,2,2000.0,4000.0,132.0,1985.0,66.66666666666667,0.005466047314620277,-0.310717691291126,-0.2596821351856905,-0.010963106060606053,0.7415970759399103,0.7415970759399103,0.664319234389348,0.5873599999999999,1.389583106060606,2.7701599999999997,1.8737710154795708,0.24788709188958974,-1.2885411786109855,17.998626058855645,17.659333957590967,0.5294788744456272,0.039630827910379716,0.07708282804860295,0.8723842044348202,0.060960909090909086,0.5502333092817201,0.5502333092817201,0.4837166804407713,0.38513,1.0784309090909092,2.14663,1.9599520619693187,-0.3966293834545173,-1.1270988125410168,18.498587893823856,17.383641069771098,0.5859591521664299,0.06684216472982366,0.0866751366445024,0.8411289731574599,11.372756212121214,2.0790929857036984,2.0790929857036984,1.7751658103764925,1.686815000000002,4.285133787878786,7.82683,2.061059229839315,0.26339958005727926,-1.0842743812458597,17.998626058855645,17.76723012621414,0.24682201237065157,0.03215921259464963,0.04305653683655247,0.9080311077112642,2.078132616072185,0.9255892128287972,0.9255892128287972,0.7924034391384198,0.7615696990269049,2.2450882175816367,3.8494861138532572,2.4255773365380633,0.2822813654486565,-0.8856332588255937,29.99771009809274,19.144760011469888,0.7809006015737233,0.09540221826642799,0.29125210872315427,0.4635744861632779
mass_1.00g_trial_10,1.0,data/cleaned/1.00g/mass_1.00g_trial_10.csv,2_second_window,3,4000.0,6000.0,133.0,1993.0,66.66666666666667,-0.02985405739841682,0.590368115343571,0.09471510990229347,0.10167210526315791,0.7246466610514475,0.7246466610514475,0.6488449307479225,0.55414,1.265637894736842,2.41101,1.7465586509436577,0.30603302372549396,-1.360125083102503,18.42539112480691,18.098237696247065,0.536950160463493,0.05229972772326383,0.058671992600726766,0.8735837928654514,0.04025744360902256,0.5130698118917814,0.5130698118917814,0.4432781864435525,0.34001,1.3466574436090226,2.14046,2.624706058311349,-0.5616048286202241,-0.8455072738080909,18.42539112480691,18.419934998484866,0.6431446448441043,0.054571355323721836,0.08370640591014451,0.8480316658778477,11.523862105263158,2.067285748064465,2.067285748064465,1.7549444242184407,1.6186000000000007,4.530827894736843,8.221160000000001,2.191679548402496,0.34525682533712254,-0.9090013292709083,17.92740758089321,17.510707951987584,0.3731558103546781,0.049388283022593585,0.055678637419885886,0.8593516090785318,2.018524110662391,0.9937727074501175,0.9937727074501175,0.8187346597806278,0.7193112067294969,2.635382485058656,4.266043203180201,2.65189662113048,0.41651492466101697,-0.30802177886983007,30.37699617873572,21.145525414246286,0.7709205711603251,0.047423723469554833,0.21770037313412793,0.4725640921926248
mass_1.00g_trial_10,1.0,data/cleaned/1.00g/mass_1.00g_trial_10.csv,2_second_window,4,6000.0,8000.0,132.0,1976.0,66.66666666666667,0.03548133664664495,-0.5818513148333192,0.03439509207230297,0.10127916666666667,0.7386116632400991,0.7386116632400991,0.6720973989898991,0.5632649999999999,1.3465708333333335,2.6636,1.8231107093899306,0.2799835167633498,-1.3885448847487232,18.080603606918366,17.793350221004008,0.42438855801638,0.02843060132726787,0.07689580667090662,0.8502390528961686,0.08774136363636363,0.5277786732313436,0.5277786732313436,0.45997782369146006,0.38194,1.1046713636363634,1.94821,2.093057979916039,-0.46690189669735327,-1.0888712639687912,18.58284259599943,18.502537767292374,0.4100742934622435,0.04884338408042418,0.03816985751948606,0.893319592891773,11.501609772727273,2.0278216325292853,2.0278216325292853,1.716001714876033,1.6359699999999986,4.459590227272727,7.9664,2.19920241294118,0.3289983537727444,-0.982824611281865,18.080603606918366,17.869275986932816,0.3718141474081869,0.0460129869786403,0.03427520994074316,0.8810966456543894,2.0225455848985234,0.9194930382299632,0.9194930382299632,0.7792391256112556,0.710271166485375,2.5271637211618767,3.997726652513894,2.748431598815258,0.3976009318830098,-0.6553381273746157,18.080603606918366,20.719399780251376,0.8100519043599287,0.057036198234789545,0.20125931362815286,0.469559071458236
mass_1.00g_trial_10,1.0,data/cleaned/1.00g/mass_1.00g_trial_10.csv,2_second_window,5,8000.0,10000.0,132.0,1980.0,66.66666666666667,0.014836780615062262,0.5222212497189427,-0.21253221253187077,0.0797826515151515,0.7389262414352368,0.7389262414352368,0.6571066896235079,0.514115,1.3982573484848486,2.69983,1.8922827070926251,0.36030764108266966,-1.2785351977457151,18.04407713512696,17.358185774975844,0.4900027993980299,0.06112337932183719,0.07844807889513931,0.8403122871731584,0.09692742424242423,0.5245768608308252,0.5245768608308252,0.45701509182736455,0.34802500000000003,1.1661574242424242,1.93926,2.223043964225687,-0.5305725369090105,-0.9720090115301887,18.5453014999916,18.296804600258596,0.4712471753270991,0.04343214943941635,0.06554549006422387,0.8847091940244275,11.434710454545456,2.0393281073568947,2.0393281073568947,1.7267063774104683,1.6797250000000004,4.592709545454543,8.291319999999999,2.2520699483748112,0.2765679440145096,-0.9036341040787983,18.04407713512696,17.72443645515614,0.27754344488076416,0.03960664287132544,0.04353157472471746,0.8788957444374585,2.017795663904811,0.9531802879746959,0.9531802879746959,0.7754609886477587,0.6911888028060617,2.6741882951971285,4.368212696893489,2.80554301104905,0.5112670207009617,-0.045139552578869147,30.07346189187827,20.901335290424093,0.7523553726272303,0.09578207792506994,0.16249471299837065,0.40725027659413116
